randomisationGroup,pool,groupTotalMessages,groupMicroDialogs,poolVariants,microDialog,folderPath,order,nodeUid,type,comment,resultVariable,answerType,channel,containsRules,isCommand,triggerExprs,en-GB,ro-RO
r_TimelessGreetings,r_TimelessGreetings @ Timeless Greetings,6,1,6,Timeless Greetings,👋 Hello,1,md-006#001,message,---,,expects NO answer,👤 App/partner message to participant,0,no,,Hi $particpantName! 😊,Salut $participantName! 😊
r_TimelessGreetings,r_TimelessGreetings @ Timeless Greetings,6,1,6,Timeless Greetings,👋 Hello,2,md-006#002,message,---,,expects NO answer,👤 App/partner message to participant,0,no,,Ciao $participantName! 🤗,Ciao $participantName! 🤗
r_TimelessGreetings,r_TimelessGreetings @ Timeless Greetings,6,1,6,Timeless Greetings,👋 Hello,3,md-006#003,message,---,,expects NO answer,👤 App/partner message to participant,0,no,,Hello $participantName! 😊,Bună ziua $participantName! 😊
r_TimelessGreetings,r_TimelessGreetings @ Timeless Greetings,6,1,6,Timeless Greetings,👋 Hello,4,md-006#004,message,---,,expects NO answer,👤 App/partner message to participant,0,no,,Hey there! 😊,Bună! 😊
r_TimelessGreetings,r_TimelessGreetings @ Timeless Greetings,6,1,6,Timeless Greetings,👋 Hello,5,md-006#005,message,---,,expects NO answer,👤 App/partner message to participant,0,no,,Hello friend! 😊,"Bună, prietene 😊"
r_TimelessGreetings,r_TimelessGreetings @ Timeless Greetings,6,1,6,Timeless Greetings,👋 Hello,6,md-006#006,message,---,,expects NO answer,👤 App/partner message to participant,0,no,,Hi!🖐️,Bună! 🖐️
r_DaytimeGreetings,r_DaytimeGreetings @ Daytime Greetings,1,1,1,Daytime Greetings,👋 Hello,1,md-007#001,message,---,,expects NO answer,👤 App/partner message to participant,2,no,$systemHourOfDay calculated value is smaller or equal than 18 ; $systemHourOfDay calculated value is bigger or equal than 5,Good day $participantName! 😊,Bună ziua $participantName! 😊
r_EveningGreetings,r_EveningGreetings @ Evening Greetings,3,1,3,Evening Greetings,👋 Hello,1,md-008#001,message,---,,expects NO answer,👤 App/partner message to participant,2,no,$systemHourOfDay calculated value is bigger than 18 ; $systemHourOfDay calculated value is smaller or equal than 23.99,Good evening! 🕖,Bună seara! 🕖
r_EveningGreetings,r_EveningGreetings @ Evening Greetings,3,1,3,Evening Greetings,👋 Hello,2,md-008#002,message,---,,expects NO answer,👤 App/partner message to participant,2,no,$systemHourOfDay calculated value is bigger than 18 ; $systemHourOfDay calculated value is smaller or equal than 23.99,Good evening! 🙂,Bună seara 🙂
r_EveningGreetings,r_EveningGreetings @ Evening Greetings,3,1,3,Evening Greetings,👋 Hello,3,md-008#003,message,---,,expects NO answer,👤 App/partner message to participant,2,no,$systemHourOfDay calculated value is bigger than 18 ; $systemHourOfDay calculated value is smaller or equal than 23.99,Good evening $participantName! 😊,Bună seara $participantName! 😊
r_MorningGreetings,r_MorningGreetings @ Morning greetings,17,1,17,Morning greetings,👋 Hello,1,md-009#001,message,---,,expects NO answer,👤 App/partner message to participant,2,no,"inrange($systemHourOfDay,6,11) calculated value equals 1 ; $morningGreetingDisplayed calculated value equals 0",Good morning!,Bună dimineața!
r_MorningGreetings,r_MorningGreetings @ Morning greetings,17,1,17,Morning greetings,👋 Hello,2,md-009#002,message,---,,expects NO answer,👤 App/partner message to participant,2,no,"inrange($systemHourOfDay,6,11) calculated value equals 1 ; $morningGreetingDisplayed calculated value equals 0",Good morning! 🌞,Bună dimineața! 🌞
r_MorningGreetings,r_MorningGreetings @ Morning greetings,17,1,17,Morning greetings,👋 Hello,3,md-009#003,message,---,,expects NO answer,👤 App/partner message to participant,2,no,"inrange($systemHourOfDay,6,11) calculated value equals 1 ; $morningGreetingDisplayed calculated value equals 0",Good morning $participantName!,Bună dimineața $participantName!
r_MorningGreetings,r_MorningGreetings @ Morning greetings,17,1,17,Morning greetings,👋 Hello,4,md-009#004,message,---,,expects NO answer,👤 App/partner message to participant,2,no,"inrange($systemHourOfDay,6,11) calculated value equals 1 ; $morningGreetingDisplayed calculated value equals 0",Morning!,Neața!
r_MorningGreetings,r_MorningGreetings @ Morning greetings,17,1,17,Morning greetings,👋 Hello,5,md-009#005,message,---,,expects NO answer,👤 App/partner message to participant,2,no,"inrange($systemHourOfDay,6,11) calculated value equals 1 ; $morningGreetingDisplayed calculated value equals 0",Morning! 🌞,Neața! 🌞
r_MorningGreetings,r_MorningGreetings @ Morning greetings,17,1,17,Morning greetings,👋 Hello,6,md-009#006,message,---,,expects NO answer,👤 App/partner message to participant,2,no,"inrange($systemHourOfDay,6,11) calculated value equals 1 ; $morningGreetingDisplayed calculated value equals 0",Morning $participantName!,Neața! $participantName!
r_MorningGreetings,r_MorningGreetings @ Morning greetings,17,1,17,Morning greetings,👋 Hello,7,md-009#007,message,---,,expects NO answer,👤 App/partner message to participant,2,no,"inrange($systemHourOfDay,6,11) calculated value equals 1 ; $morningGreetingDisplayed calculated value equals 0",Hi! 🌞,Bună! 🌞
r_MorningGreetings,r_MorningGreetings @ Morning greetings,17,1,17,Morning greetings,👋 Hello,8,md-009#008,message,---,,expects NO answer,👤 App/partner message to participant,2,no,"inrange($systemHourOfDay,6,11) calculated value equals 1 ; $morningGreetingDisplayed calculated value equals 0",Hi $participantName! 🌞,Salut $participantName! 🌞
r_MorningGreetings,r_MorningGreetings @ Morning greetings,17,1,17,Morning greetings,👋 Hello,9,md-009#009,message,---,,expects NO answer,👤 App/partner message to participant,2,no,"inrange($systemHourOfDay,6,11) calculated value equals 1 ; $morningGreetingDisplayed calculated value equals 0",Hey! 🌞,Hei! 🌞
r_MorningGreetings,r_MorningGreetings @ Morning greetings,17,1,17,Morning greetings,👋 Hello,10,md-009#010,message,---,,expects NO answer,👤 App/partner message to participant,2,no,"inrange($systemHourOfDay,6,11) calculated value equals 1 ; $morningGreetingDisplayed calculated value equals 0",Hey $participantName! 🌞,Hei $participantName! 🌞
r_MorningGreetings,r_MorningGreetings @ Morning greetings,17,1,17,Morning greetings,👋 Hello,11,md-009#011,message,---,,expects NO answer,👤 App/partner message to participant,2,no,"inrange($systemHourOfDay,6,11) calculated value equals 1 ; $morningGreetingDisplayed calculated value equals 0",Hi there! 🌞,Bună! 🌞
r_MorningGreetings,r_MorningGreetings @ Morning greetings,17,1,17,Morning greetings,👋 Hello,12,md-009#012,message,---,,expects NO answer,👤 App/partner message to participant,2,no,"inrange($systemHourOfDay,6,11) calculated value equals 1 ; $morningGreetingDisplayed calculated value equals 0",Hi there $participantName! 🌞,Salut $participantName! 🌞
r_MorningGreetings,r_MorningGreetings @ Morning greetings,17,1,17,Morning greetings,👋 Hello,13,md-009#013,message,---,,expects NO answer,👤 App/partner message to participant,3,no,$systemHourOfDay calculated value is smaller or equal than 11 ; $systemHourOfDay calculated value is bigger or equal than 6 ; $morningGreetingDisplayed calculated value equals 0,Good morning $participantName! 😊,Bună dimineața $participantName! 😊
r_MorningGreetings,r_MorningGreetings @ Morning greetings,17,1,17,Morning greetings,👋 Hello,14,md-009#014,message,---,,expects NO answer,👤 App/partner message to participant,3,no,$systemHourOfDay calculated value is smaller or equal than 11 ; $systemHourOfDay calculated value is bigger or equal than 6 ; $morningGreetingDisplayed calculated value equals 0,Good morning $participantName! 🌞,Bună dimineața $participantName! 🌞
r_MorningGreetings,r_MorningGreetings @ Morning greetings,17,1,17,Morning greetings,👋 Hello,15,md-009#015,message,---,,expects NO answer,👤 App/partner message to participant,3,no,$systemHourOfDay calculated value is smaller or equal than 11 ; $systemHourOfDay calculated value is bigger or equal than 6 ; $morningGreetingDisplayed calculated value equals 0,Morning $participantName! 💤,Neața $participantName! 💤
r_MorningGreetings,r_MorningGreetings @ Morning greetings,17,1,17,Morning greetings,👋 Hello,16,md-009#016,message,---,,expects NO answer,👤 App/partner message to participant,3,no,$systemHourOfDay calculated value is smaller or equal than 11 ; $systemHourOfDay calculated value is bigger or equal than 6 ; $morningGreetingDisplayed calculated value equals 0,Morning $participantName! 🌞,Neața $participantName! 🌞
r_MorningGreetings,r_MorningGreetings @ Morning greetings,17,1,17,Morning greetings,👋 Hello,17,md-009#017,message,---,,expects NO answer,👤 App/partner message to participant,3,no,$systemHourOfDay calculated value is bigger or equal than 6 ; $systemHourOfDay calculated value is smaller or equal than 11 ; $morningGreetingDisplayed calculated value equals 0,Good morning $participantName ☀️,Bună dimineața $participantName ☀️
r_GenericGoodbyeMessage,r_GenericGoodbyeMessage @ Generic,10,1,10,Generic,Goodbye 🚪,1,md-011#001,message,Generic goodbye message,,expects NO answer,👤 App/partner message to participant,0,no,,Thanks for the chat! Wishing you an excellent rest of your day. Talk to you soon!,Mulțumesc pentru conversație! Sper să ai o zi minunată în continuare. Ne vedem în curând!
r_GenericGoodbyeMessage,r_GenericGoodbyeMessage @ Generic,10,1,10,Generic,Goodbye 🚪,2,md-011#002,message,Generic goodbye message,,expects NO answer,👤 App/partner message to participant,0,no,,It was great exchanging thoughts with you! Have an amazing rest of your night. Catch you later!,A fost minunat să fac schimb de idei cu tine! Să ai o seară plăcută. Pe curând!
r_GenericGoodbyeMessage,r_GenericGoodbyeMessage @ Generic,10,1,10,Generic,Goodbye 🚪,3,md-011#003,message,Generic goodbye message,,expects NO answer,👤 App/partner message to participant,0,no,,I really enjoyed our conversation. Have a fantastic day ahead! Goodbye for now!,Întradevăr mi-a plăcut foarte mult conversația noastră. Îți urez o zi fantastică! La revedere pentru moment!
r_GenericGoodbyeMessage,r_GenericGoodbyeMessage @ Generic,10,1,10,Generic,Goodbye 🚪,4,md-011#004,message,Generic goodbye message,,expects NO answer,👤 App/partner message to participant,0,no,,Thanks for sharing with me. Wishing you a wonderful night. Until next time!,Mulțumesc că ai împărtășit informațiile cu mine. Îți doresc o noapte minunată. Până data viitoare!
r_GenericGoodbyeMessage,r_GenericGoodbyeMessage @ Generic,10,1,10,Generic,Goodbye 🚪,5,md-011#005,message,Generic goodbye message,,expects NO answer,👤 App/partner message to participant,0,no,,It was awesome talking to you! Enjoy the rest of your day. Take care!,A fost minunat să vorbesc cu tine! Bucură-te de restul zilei. Ai grijă de tine!
r_GenericGoodbyeMessage,r_GenericGoodbyeMessage @ Generic,10,1,10,Generic,Goodbye 🚪,6,md-011#006,message,Generic goodbye message,,expects NO answer,👤 App/partner message to participant,0,no,,Thanks for the great chat! Have a restful night and sweet dreams. See you soon!,Mulțumesc pentru această  conversație minunată! Să ai o noapte odihnitoare și vise plăcute. Ne vedem în curând!
r_GenericGoodbyeMessage,r_GenericGoodbyeMessage @ Generic,10,1,10,Generic,Goodbye 🚪,7,md-011#007,message,Generic goodbye message,,expects NO answer,👤 App/partner message to participant,0,no,,I appreciate our conversation today. Have a fantastic day! Stay awesome!,Apreciez conversația noastră de astăzi. Să ai o zi fantastică! Rămâi grozav!
r_GenericGoodbyeMessage,r_GenericGoodbyeMessage @ Generic,10,1,10,Generic,Goodbye 🚪,8,md-011#008,message,Generic goodbye message,,expects NO answer,👤 App/partner message to participant,0,no,,It was a pleasure chatting with you! Have a great night and take it easy!,A fost o plăcere să stau de vorbă cu tine! O seară bună și odihnește-te!
r_GenericGoodbyeMessage,r_GenericGoodbyeMessage @ Generic,10,1,10,Generic,Goodbye 🚪,9,md-011#009,message,Generic goodbye message,,expects NO answer,👤 App/partner message to participant,0,no,,Thanks for the lovely exchange! Wishing you a bright and wonderful day ahead. Talk to you soon!,Îți mulțumesc pentru acest schimb minunat de informații! Îți doresc o zi luminoasă și minunată. Vorbim pe curând!
r_GenericGoodbyeMessage,r_GenericGoodbyeMessage @ Generic,10,1,10,Generic,Goodbye 🚪,10,md-011#010,message,Generic goodbye message,,expects NO answer,👤 App/partner message to participant,0,no,,It was so nice to connect with you! Have a relaxing night. Take care and see you later!,Am fost încântat să iau legătura cu tine! Să ai o seară plăcută. Ai grijă de tine și ne vedem mai târziu!
r_PatientCoachingGoodbyeMessage,r_PatientCoachingGoodbyeMessage @ Patient coaching goodbye messages,10,1,10,Patient coaching goodbye messages,Goodbye 🚪,1,md-012#001,message,Patient coaching goodbye message,,expects NO answer,👤 App/partner message to participant,0,no,,"Great job today! Keep it up, and I'm here if you need me. Bye!",Ai făcut o treabă bună astăzi! Continuă munca bună și voi fi aici dacă ai nevoie de mine. Pa pentru moment!
r_PatientCoachingGoodbyeMessage,r_PatientCoachingGoodbyeMessage @ Patient coaching goodbye messages,10,1,10,Patient coaching goodbye messages,Goodbye 🚪,2,md-012#002,message,Patient coaching goodbye message,,expects NO answer,👤 App/partner message to participant,0,no,,Awesome work! Don’t forget your meds. Catch you later!,Bună treabă! Nu-ți uita medicamentele. Pe mai târziu!
r_PatientCoachingGoodbyeMessage,r_PatientCoachingGoodbyeMessage @ Patient coaching goodbye messages,10,1,10,Patient coaching goodbye messages,Goodbye 🚪,3,md-012#003,message,Patient coaching goodbye message,,expects NO answer,👤 App/partner message to participant,0,no,,"Well done! Watch those triggers, and see you next time!",Foarte bine! Ferește-te de declanșatoare și ne vedem data viitoare!
r_PatientCoachingGoodbyeMessage,r_PatientCoachingGoodbyeMessage @ Patient coaching goodbye messages,10,1,10,Patient coaching goodbye messages,Goodbye 🚪,4,md-012#004,message,Patient coaching goodbye message,,expects NO answer,👤 App/partner message to participant,0,no,,You’re doing great! Reach out if you need me. Take care!,Te descurci de minune! Contactează-mă dacă ai nevoie de mine. Ai grijă de tine!
r_PatientCoachingGoodbyeMessage,r_PatientCoachingGoodbyeMessage @ Patient coaching goodbye messages,10,1,10,Patient coaching goodbye messages,Goodbye 🚪,5,md-012#005,message,Patient coaching goodbye message,,expects NO answer,👤 App/partner message to participant,0,no,,Nice job! Keep your inhaler close. Bye for now!,Bună treabă! Ține-ți inhalatorul la îndemână. La revedere pentru moment!
r_PatientCoachingGoodbyeMessage,r_PatientCoachingGoodbyeMessage @ Patient coaching goodbye messages,10,1,10,Patient coaching goodbye messages,Goodbye 🚪,6,md-012#006,message,Patient coaching goodbye message,,expects NO answer,👤 App/partner message to participant,0,no,,You’re on track! I’m here if you need help. See you!,Ești pe drumul cel bun! Sunt aici dacă ai nevoie de ajutor. Pe curând!
r_PatientCoachingGoodbyeMessage,r_PatientCoachingGoodbyeMessage @ Patient coaching goodbye messages,10,1,10,Patient coaching goodbye messages,Goodbye 🚪,7,md-012#007,message,Patient coaching goodbye message,,expects NO answer,👤 App/partner message to participant,0,no,,"Great work! Follow your plan, and talk soon!",Bună treabă! Urmează-ți planul și revino în curând!
r_PatientCoachingGoodbyeMessage,r_PatientCoachingGoodbyeMessage @ Patient coaching goodbye messages,10,1,10,Patient coaching goodbye messages,Goodbye 🚪,8,md-012#008,message,Patient coaching goodbye message,,expects NO answer,👤 App/partner message to participant,0,no,,"Awesome job! Stay positive, and catch you later!",Bună treabă! Rămâi pozitiv și ne vedem mai târziu!
r_PatientCoachingGoodbyeMessage,r_PatientCoachingGoodbyeMessage @ Patient coaching goodbye messages,10,1,10,Patient coaching goodbye messages,Goodbye 🚪,9,md-012#009,message,Patient coaching goodbye message,,expects NO answer,👤 App/partner message to participant,0,no,,You did great! Keep up with your meds. Take care!,Te-ai descurcat foarte bine! Continuă să îți iei medicamentele. Ai grijă de tine!
r_PatientCoachingGoodbyeMessage,r_PatientCoachingGoodbyeMessage @ Patient coaching goodbye messages,10,1,10,Patient coaching goodbye messages,Goodbye 🚪,10,md-012#010,message,Patient coaching goodbye message,,expects NO answer,👤 App/partner message to participant,0,no,,Fantastic progress! Small steps count. See you soon!,Progrese fantastice! Pașii mici contează. Ne vedem în curând!
r_InquiryLastNightSleep,r_InquiryLastNightSleep @ Inquire about last night's sleep,33,1,33,Inquire about last night's sleep,,3,md-013#003,message,Contingent on sleep monitoring data,$sleepQualityLastNight,likert silent,👤 App/partner message to participant,0,no,,How did you sleep?,Cum ai dormit?
r_InquiryLastNightSleep,r_InquiryLastNightSleep @ Inquire about last night's sleep,33,1,33,Inquire about last night's sleep,,4,md-013#004,message,Contingent on sleep monitoring data,$sleepQualityLastNight,likert silent,👤 App/partner message to participant,0,no,,"How did you sleep, $participantName?","Cum ai dormit, $participantName?"
r_InquiryLastNightSleep,r_InquiryLastNightSleep @ Inquire about last night's sleep,33,1,33,Inquire about last night's sleep,,5,md-013#005,message,Contingent on sleep monitoring data,$sleepQualityLastNight_ShiftedScale,likert,👤 App/partner message to participant,0,no,,How was your sleep?,Cum a fost somnul tău?
r_InquiryLastNightSleep,r_InquiryLastNightSleep @ Inquire about last night's sleep,33,1,33,Inquire about last night's sleep,,6,md-013#006,message,Contingent on sleep monitoring data,$sleepQualityLastNight_ShiftedScale,likert,👤 App/partner message to participant,0,no,,"How was your sleep, $participantName?","Cum a fost somnul tău, $participantName?"
r_InquiryLastNightSleep,r_InquiryLastNightSleep @ Inquire about last night's sleep,33,1,33,Inquire about last night's sleep,,7,md-013#007,message,Contingent on sleep monitoring data,$sleepQualityLastNight,likert silent,👤 App/partner message to participant,0,no,,Did you sleep well?,Ai dormit bine?
r_InquiryLastNightSleep,r_InquiryLastNightSleep @ Inquire about last night's sleep,33,1,33,Inquire about last night's sleep,,8,md-013#008,message,Contingent on sleep monitoring data,$sleepQualityLastNight,likert silent,👤 App/partner message to participant,0,no,,"Did you sleep well, $participantName?","Ai dormit bine, $participantName?"
r_InquiryLastNightSleep,r_InquiryLastNightSleep @ Inquire about last night's sleep,33,1,33,Inquire about last night's sleep,,9,md-013#009,message,Contingent on sleep monitoring data,$sleepQualityLastNight,likert silent,👤 App/partner message to participant,0,no,,How did you sleep last night?,Cum ai dormit noaptea trecută?
r_InquiryLastNightSleep,r_InquiryLastNightSleep @ Inquire about last night's sleep,33,1,33,Inquire about last night's sleep,,10,md-013#010,message,Contingent on sleep monitoring data,$sleepQualityLastNight,likert silent,👤 App/partner message to participant,0,no,,"How did you sleep last night, $participantName?","Cum ai dormit noaptea trecută, $participantName?"
r_InquiryLastNightSleep,r_InquiryLastNightSleep @ Inquire about last night's sleep,33,1,33,Inquire about last night's sleep,,11,md-013#011,message,Contingent on sleep monitoring data,$sleepQualityLastNight,likert slider,👤 App/partner message to participant,0,no,,Hope you woke up feeling great.,Sper că te-ai trezit simțindu-te bine.
r_InquiryLastNightSleep,r_InquiryLastNightSleep @ Inquire about last night's sleep,33,1,33,Inquire about last night's sleep,,12,md-013#012,message,Contingent on sleep monitoring data,$sleepQualityLastNight,likert slider,👤 App/partner message to participant,0,no,,"Hope you woke up feeling great, $participantName.","Sper că te-ai trezit simțindu-te bine, $participantName."
r_InquiryLastNightSleep,r_InquiryLastNightSleep @ Inquire about last night's sleep,33,1,33,Inquire about last night's sleep,,13,md-013#013,message,Contingent on sleep monitoring data,$sleepQualityLastNight,likert silent,👤 App/partner message to participant,0,no,,How was your night? Did you sleep okay?,Cum a fost noaptea ta? Ai dormit bine?
r_InquiryLastNightSleep,r_InquiryLastNightSleep @ Inquire about last night's sleep,33,1,33,Inquire about last night's sleep,,14,md-013#014,message,Contingent on sleep monitoring data,$sleepQualityLastNight,likert slider,👤 App/partner message to participant,0,no,,How’s your energy today?,Cum îți este energia astăzi?
r_InquiryLastNightSleep,r_InquiryLastNightSleep @ Inquire about last night's sleep,33,1,33,Inquire about last night's sleep,,15,md-013#015,message,Contingent on sleep monitoring data,$sleepQualityLastNight,likert slider,👤 App/partner message to participant,0,no,,"How’s your energy today, $participantName?","Cum îți este energia astăzi, $participantName?"
r_InquiryLastNightSleep,r_InquiryLastNightSleep @ Inquire about last night's sleep,33,1,33,Inquire about last night's sleep,,16,md-013#016,message,Contingent on sleep monitoring data,$sleepQualityLastNight,likert slider,👤 App/partner message to participant,0,no,,Did you get enough rest?,Te-ai odihnit suficient?
r_InquiryLastNightSleep,r_InquiryLastNightSleep @ Inquire about last night's sleep,33,1,33,Inquire about last night's sleep,,17,md-013#017,message,Contingent on sleep monitoring data,$sleepQualityLastNight,likert slider,👤 App/partner message to participant,0,no,,"Did you get enough rest, $participantName?","Te-ai odihnit suficient, $participantName?"
r_InquiryLastNightSleep,r_InquiryLastNightSleep @ Inquire about last night's sleep,33,1,33,Inquire about last night's sleep,,18,md-013#018,message,Contingent on sleep monitoring data,$sleepQualityLastNight,likert slider,👤 App/partner message to participant,0,no,,Hope you slept peacefully.,Sper că ai dormit liniștit.
r_InquiryLastNightSleep,r_InquiryLastNightSleep @ Inquire about last night's sleep,33,1,33,Inquire about last night's sleep,,19,md-013#019,message,Contingent on sleep monitoring data,$sleepQualityLastNight,likert slider,👤 App/partner message to participant,0,no,,"Hope you slept peacefully, $participantName.","Sper că ai dormit liniștit, $participantName."
r_InquiryLastNightSleep,r_InquiryLastNightSleep @ Inquire about last night's sleep,33,1,33,Inquire about last night's sleep,,20,md-013#020,message,Contingent on sleep monitoring data,$sleepQualityLastNight,likert slider,👤 App/partner message to participant,0,no,,How was your rest last night?,Cum te-ai odihnit noaptea trecută?
r_InquiryLastNightSleep,r_InquiryLastNightSleep @ Inquire about last night's sleep,33,1,33,Inquire about last night's sleep,,21,md-013#021,message,Contingent on sleep monitoring data,$sleepQualityLastNight,likert slider,👤 App/partner message to participant,0,no,,Did you have a good night’s sleep?,Ai avut un somn bun?
r_InquiryLastNightSleep,r_InquiryLastNightSleep @ Inquire about last night's sleep,33,1,33,Inquire about last night's sleep,,22,md-013#022,message,Contingent on sleep monitoring data,$sleepQualityLastNight,likert slider,👤 App/partner message to participant,0,no,,"Did you have a good night’s sleep, $participantName?","Ai avut un somn bun, $participantName?"
r_InquiryLastNightSleep,r_InquiryLastNightSleep @ Inquire about last night's sleep,33,1,33,Inquire about last night's sleep,,23,md-013#023,message,Contingent on sleep monitoring data,$sleepQualityLastNight,likert slider,👤 App/partner message to participant,0,no,,How was your sleep? Feeling rested?,Cum a fost somnul tău? Te simți odihnit?
r_InquiryLastNightSleep,r_InquiryLastNightSleep @ Inquire about last night's sleep,33,1,33,Inquire about last night's sleep,,24,md-013#024,message,Contingent on sleep monitoring data,$sleepQualityLastNight,likert slider,👤 App/partner message to participant,0,no,,"How was your sleep, $participantName? Feeling rested?","Cum a fost somnul tău, $participantName? Te simți odihnit?"
r_InquiryLastNightSleep,r_InquiryLastNightSleep @ Inquire about last night's sleep,33,1,33,Inquire about last night's sleep,,25,md-013#025,message,Contingent on sleep monitoring data,$sleepQualityLastNight,likert slider,👤 App/partner message to participant,0,no,,How did you sleep? Ready for the day?,Cum ai dormit? Ești pregătit pentru ziua de azi?
r_InquiryLastNightSleep,r_InquiryLastNightSleep @ Inquire about last night's sleep,33,1,33,Inquire about last night's sleep,,26,md-013#026,message,Contingent on sleep monitoring data,$sleepQualityLastNight,likert slider,👤 App/partner message to participant,0,no,,"How did you sleep, $participantName? Ready for the day?","Cum ai dormit, $participantName? Ești pregătit pentru ziua de azi?"
r_InquiryLastNightSleep,r_InquiryLastNightSleep @ Inquire about last night's sleep,33,1,33,Inquire about last night's sleep,,27,md-013#027,message,Contingent on sleep monitoring data,$sleepQualityLastNight_ShiftedScale,likert,👤 App/partner message to participant,0,no,,Hope your sleep was good.,Sper că ai dormit bine.
r_InquiryLastNightSleep,r_InquiryLastNightSleep @ Inquire about last night's sleep,33,1,33,Inquire about last night's sleep,,28,md-013#028,message,Contingent on sleep monitoring data,$sleepQualityLastNight_ShiftedScale,likert,👤 App/partner message to participant,0,no,,How was your sleep last night?,Cum ai dormit noaptea trecută?
r_InquiryLastNightSleep,r_InquiryLastNightSleep @ Inquire about last night's sleep,33,1,33,Inquire about last night's sleep,,29,md-013#029,message,Contingent on sleep monitoring data,$sleepQualityLastNight_ShiftedScale,likert,👤 App/partner message to participant,0,no,,"How was your sleep last night, $participantName?","Cum ai dormit noaptea trecută, $participantName?"
r_InquiryLastNightSleep,r_InquiryLastNightSleep @ Inquire about last night's sleep,33,1,33,Inquire about last night's sleep,,30,md-013#030,message,Contingent on sleep monitoring data,$sleepQualityLastNight,likert slider,👤 App/partner message to participant,0,no,,Hope you slept well and feel refreshed!,Sper că ai dormit bine și te simți odihnit!
r_InquiryLastNightSleep,r_InquiryLastNightSleep @ Inquire about last night's sleep,33,1,33,Inquire about last night's sleep,,31,md-013#031,message,Contingent on sleep monitoring data,$sleepQualityLastNight,likert slider,👤 App/partner message to participant,0,no,,Hope you had a restful night.,Sper că ai avut o noapte odihnitoare.
r_InquiryLastNightSleep,r_InquiryLastNightSleep @ Inquire about last night's sleep,33,1,33,Inquire about last night's sleep,,32,md-013#032,message,Contingent on sleep monitoring data,$sleepQualityLastNight,likert slider,👤 App/partner message to participant,0,no,,Did you have a restful night?,Ai avut o noapte odihnitoare?
r_InquiryLastNightSleep,r_InquiryLastNightSleep @ Inquire about last night's sleep,33,1,33,Inquire about last night's sleep,,33,md-013#033,message,Contingent on sleep monitoring data,$sleepQualityLastNight,likert slider,👤 App/partner message to participant,0,no,,"Did you have a restful night, $participantName?","Ai avut o noapte odihnitoare, $participantName?"
r_InquiryLastNightSleep,r_InquiryLastNightSleep @ Inquire about last night's sleep,33,1,33,Inquire about last night's sleep,,34,md-013#034,message,Contingent on sleep monitoring data,$sleepQualityLastNight,likert slider,👤 App/partner message to participant,0,no,,How’s your energy after your sleep?,Cum îți este energia după ce ai dormit?
r_InquiryLastNightSleep,r_InquiryLastNightSleep @ Inquire about last night's sleep,33,1,33,Inquire about last night's sleep,,35,md-013#035,message,Contingent on sleep monitoring data,$sleepQualityLastNight,likert slider,👤 App/partner message to participant,0,no,,"How’s your energy after your sleep, $participantName?","Cum îți este energia după ce ai dormit, $participantName?"
r_InquiryWellBeing,r_InquiryWellBeing @ Inquire about patient's well-being,5,1,5,Inquire about patient's well-being,,3,md-014#003,message,---,$currentLevelOfPhysicalWellBeing,select one,👤 App/partner message to participant,0,no,,How's it going for you today? 😊,Cum îți merge astăzi? 😊
r_InquiryWellBeing,r_InquiryWellBeing @ Inquire about patient's well-being,5,1,5,Inquire about patient's well-being,,4,md-014#004,message,---,$currentLevelOfPhysicalWellBeing,likert slider,👤 App/partner message to participant,0,no,,How are you feeling today? 🤔,Cum te simți astăzi? 🤔
r_InquiryWellBeing,r_InquiryWellBeing @ Inquire about patient's well-being,5,1,5,Inquire about patient's well-being,,5,md-014#005,message,---,$currentLevelOfPhysicalWellBeing,likert silent,👤 App/partner message to participant,0,no,,What's up $participantName? How are you doing? 👋,Ce mai e nou $participantName? Ce mai faci? 👋
r_InquiryWellBeing,r_InquiryWellBeing @ Inquire about patient's well-being,5,1,5,Inquire about patient's well-being,,6,md-014#006,message,---,$currentLevelOfPhysicalWellBeing,select one,👤 App/partner message to participant,0,no,,Everything good? How's your day been until now? 👍,Este totul în regulă? Cum a fost ziua ta până acum? 👍
r_InquiryWellBeing,r_InquiryWellBeing @ Inquire about patient's well-being,5,1,5,Inquire about patient's well-being,,7,md-014#007,message,---,$currentLevelOfPhysicalWellBeing,select one,👤 App/partner message to participant,0,no,,How are things with you? 🤗,Cum îți merge? 🤗
r_CompassionateFeedback,r_CompassionateFeedback @ Compassionate feedback when patient is not doing so great,6,1,6,Compassionate feedback when patient is not doing so great,Inquire about patient's well-being,1,md-015#001,message,To be shown only if $currentLevelOfPhysicalWellBeing<=0,,expects NO answer,👤 App/partner message to participant,2,no,$currentLevelOfPhysicalWellBeing calculated value is bigger than -99 ; $currentLevelOfPhysicalWellBeing calculated value is smaller or equal than 0,"I hear you, stress can be tough.",Înțeleg că stresul poate fi dificil de gestionat.
r_CompassionateFeedback,r_CompassionateFeedback @ Compassionate feedback when patient is not doing so great,6,1,6,Compassionate feedback when patient is not doing so great,Inquire about patient's well-being,2,md-015#002,message,To be shown only if $currentLevelOfPhysicalWellBeing<=0,,expects NO answer,👤 App/partner message to participant,2,no,$currentLevelOfPhysicalWellBeing calculated value is bigger than -99 ; $currentLevelOfPhysicalWellBeing calculated value is smaller or equal than 0,"Remember, you're stronger than you think! 🛡️",Amintește-ți că ești mai puternic decât crezi! 🛡️
r_CompassionateFeedback,r_CompassionateFeedback @ Compassionate feedback when patient is not doing so great,6,1,6,Compassionate feedback when patient is not doing so great,Inquire about patient's well-being,3,md-015#003,message,To be shown only if $currentLevelOfPhysicalWellBeing<=0,,expects NO answer,👤 App/partner message to participant,2,no,$currentLevelOfPhysicalWellBeing calculated value is bigger than -99 ; $currentLevelOfPhysicalWellBeing calculated value is smaller or equal than 0,It sounds like it's been a bit of a rough day.,Se pare că a fost o zi un pic dificilă.
r_CompassionateFeedback,r_CompassionateFeedback @ Compassionate feedback when patient is not doing so great,6,1,6,Compassionate feedback when patient is not doing so great,Inquire about patient's well-being,4,md-015#004,message,To be shown only if $currentLevelOfPhysicalWellBeing<=0,,expects NO answer,👤 App/partner message to participant,2,no,$currentLevelOfPhysicalWellBeing calculated value is bigger than -99 ; $currentLevelOfPhysicalWellBeing calculated value is smaller or equal than 0,"Hang in there, you've got this! 💪","Rezistă, o să reușești! 💪"
r_CompassionateFeedback,r_CompassionateFeedback @ Compassionate feedback when patient is not doing so great,6,1,6,Compassionate feedback when patient is not doing so great,Inquire about patient's well-being,5,md-015#005,message,To be shown only if $currentLevelOfPhysicalWellBeing<=0,,expects NO answer,👤 App/partner message to participant,2,no,$currentLevelOfPhysicalWellBeing calculated value is bigger than -99 ; $currentLevelOfPhysicalWellBeing calculated value is smaller or equal than 0,I'm sorry to hear that you're not feeling great.,Îmi pare rău să aud că nu te simți prea bine.
r_CompassionateFeedback,r_CompassionateFeedback @ Compassionate feedback when patient is not doing so great,6,1,6,Compassionate feedback when patient is not doing so great,Inquire about patient's well-being,6,md-015#006,message,To be shown only if $currentLevelOfPhysicalWellBeing<=0,,expects NO answer,👤 App/partner message to participant,2,no,$currentLevelOfPhysicalWellBeing calculated value is bigger than -99 ; $currentLevelOfPhysicalWellBeing calculated value is smaller or equal than 0,"Remember, it's okay to have tough days.",Amintește-ți că este normal să ai zile dificile.
r_CompassionateFeedbackAndCoaching,r_CompassionateFeedbackAndCoaching @ Coaching,2,1,2,Coaching,Inquire about patient's well-being / Compassionate feedback when patient is not doing so great,1,md-016#001,message,To be shown only if $currentLevelOfPhysicalWellBeing<=0,$needForCatharsis,select one,👤 App/partner message to participant,2,no,$currentLevelOfPhysicalWellBeing calculated value is bigger than -99 ; $currentLevelOfPhysicalWellBeing calculated value is smaller or equal than 0,Want to chat more about what's on your mind?,Vrei să vorbim mai mult despre ce te supără?
r_CompassionateFeedbackAndCoaching,r_CompassionateFeedbackAndCoaching @ Coaching,2,1,2,Coaching,Inquire about patient's well-being / Compassionate feedback when patient is not doing so great,2,md-016#002,message,To be shown only if $currentLevelOfPhysicalWellBeing<=0,,select one,👤 App/partner message to participant,2,no,$currentLevelOfPhysicalWellBeing calculated value is bigger than -99 ; $currentLevelOfPhysicalWellBeing calculated value is smaller or equal than 0,Maybe some deep breaths could help? 🌬️,Poate că câteva respirații adânci ar putea ajuta? 🌬️
r_CompassionateFeedbackAndQueryMedicalHelp,r_CompassionateFeedbackAndQueryMedicalHelp @ Offer to have medical staff contact patient,1,1,1,Offer to have medical staff contact patient,Inquire about patient's well-being / Compassionate feedback when patient is not doing so great,1,md-017#001,message,To be shown only if $currentLevelOfPhysicalWellBeing<=-1,$needMedicalHelp,select one,👤 App/partner message to participant,2,no,$currentLevelOfPhysicalWellBeing calculated value is bigger than -99 ; $currentLevelOfPhysicalWellBeing calculated value is smaller than 0,Would you like to be contacted by your study assistant?,Vrei ca asistentul tău de studiu să te contacteze?
r_PositiveFeedback,r_PositiveFeedback @ Positive feedback when patient is doing well,3,1,3,Positive feedback when patient is doing well,Inquire about patient's well-being,1,md-018#001,message,To be shown only if $currentLevelOfPhysicalWellBeing>0,,expects NO answer,👤 App/partner message to participant,1,no,$currentLevelOfPhysicalWellBeing calculated value is bigger than 0,That's awesome! Keep that positive energy flowing! 😊,Asta e grozav! Continuă să păstrezi energia pozitivă! 😊
r_PositiveFeedback,r_PositiveFeedback @ Positive feedback when patient is doing well,3,1,3,Positive feedback when patient is doing well,Inquire about patient's well-being,2,md-018#002,message,To be shown only if $currentLevelOfPhysicalWellBeing>0,,expects NO answer,👤 App/partner message to participant,1,no,$currentLevelOfPhysicalWellBeing calculated value is bigger than 0,Excellent! Great to hear this! 🎉,Excelent! Mă bucur să aud asta! 🎉
r_PositiveFeedback,r_PositiveFeedback @ Positive feedback when patient is doing well,3,1,3,Positive feedback when patient is doing well,Inquire about patient's well-being,3,md-018#003,message,To be shown only if $currentLevelOfPhysicalWellBeing>0,,expects NO answer,👤 App/partner message to participant,1,no,$currentLevelOfPhysicalWellBeing calculated value is bigger than 0,Fantastic! It’s amazing to feel good 😉,Fantastic! Este minunat să te simți bine 😉
r_PositiveFeedbackAndQueryAssistance,r_PositiveFeedbackAndQueryAssistance @ Offer assistance,1,1,1,Offer assistance,Inquire about patient's well-being / Positive feedback when patient is doing well,1,md-019#001,message,To be shown only if $currentLevelOfPhysicalWellBeing=1,$needGeneralAssistance,select one,👤 App/partner message to participant,1,no,$currentLevelOfPhysicalWellBeing calculated value equals 1,Awesome! 😄 Keep up the good vibes and let me know if you need anything.,Grozaaav! 😄 Păstrează vibrațiile bune și anunță-mă dacă ai nevoie de ceva.
r_PromptForSpirometry_Stage1_Push,r_PromptForSpirometry_Stage1_Push @ Prompt patient to conduct daily spirometry,2,1,2,Prompt patient to conduct daily spirometry,,4,md-020#004,message,Sent as push notification,,expects NO answer,👤 App/partner message to participant,0,no,,Quick reminder to check your lung function with spirometry today!,Îți reamintesc să îți verifici astăzi funcția pulmonară cu ajutorul spirometrului!
r_PromptForSpirometry_Stage1_Push,r_PromptForSpirometry_Stage1_Push @ Prompt patient to conduct daily spirometry,2,1,2,Prompt patient to conduct daily spirometry,,5,md-020#005,message,Sent as push notification,,expects NO answer,👤 App/partner message to participant,0,no,,It's spirometry time! Let's make sure your lungs are doing well today.,Este timpul pentru spirometrie! Să verificăm cât de sănătoși sunt plămânii tăi astăzi.
r_PromptForSpirometry_Stage2,r_PromptForSpirometry_Stage2 @ Prompt patient to conduct daily spirometry,1,1,1,Prompt patient to conduct daily spirometry,,8,md-020#008,message,---,$mySpiro_readinessForSpirometry,select one,👤 App/partner message to participant,0,no,,Is this a good time point to proceed with your daily lung function measurement?,Este momentul potrivit pentru măsurarea zilnică a funcției tale pulmonare?
r_PromptForSpirometry_Stage3,r_PromptForSpirometry_Stage3 @ Prompt patient to conduct daily spirometry,6,1,6,Prompt patient to conduct daily spirometry,,10,md-020#010,message,To be shown if $mySpiro_readinessForSpirometry=1,$mySpiro_spirometerWithinReach,select one,👤 App/partner message to participant,1,no,$mySpiro_readinessForSpirometry calculated value equals 1,Do you have your spirometer handy?,Ai spirometrul la îndemână?
r_PromptForSpirometry_Stage3,r_PromptForSpirometry_Stage3 @ Prompt patient to conduct daily spirometry,6,1,6,Prompt patient to conduct daily spirometry,,11,md-020#011,message,To be shown if $mySpiro_readinessForSpirometry=1,$mySpiro_spirometerWithinReach,select one,👤 App/partner message to participant,1,no,$mySpiro_readinessForSpirometry calculated value equals 1,Is your spirometer close by?,Este spirometrul tău în apropiere?
r_PromptForSpirometry_Stage3,r_PromptForSpirometry_Stage3 @ Prompt patient to conduct daily spirometry,6,1,6,Prompt patient to conduct daily spirometry,,12,md-020#012,message,To be shown if $mySpiro_readinessForSpirometry=1,$mySpiro_spirometerWithinReach,select one,👤 App/partner message to participant,1,no,$mySpiro_readinessForSpirometry calculated value equals 1,Do you have your spirometer with you?,Ai spirometrul cu tine?
r_PromptForSpirometry_Stage3,r_PromptForSpirometry_Stage3 @ Prompt patient to conduct daily spirometry,6,1,6,Prompt patient to conduct daily spirometry,,13,md-020#013,message,To be shown if $mySpiro_readinessForSpirometry=1,$mySpiro_spirometerWithinReach,select one,👤 App/partner message to participant,1,no,$mySpiro_readinessForSpirometry calculated value equals 1,Is your spirometer within reach?,Este spirometrul la îndemână?
r_PromptForSpirometry_Stage3,r_PromptForSpirometry_Stage3 @ Prompt patient to conduct daily spirometry,6,1,6,Prompt patient to conduct daily spirometry,,14,md-020#014,message,To be shown if $mySpiro_readinessForSpirometry=1,$mySpiro_spirometerWithinReach,select one,👤 App/partner message to participant,1,no,$mySpiro_readinessForSpirometry calculated value equals 1,Do you have access to your spirometer?,Ai acces la spirometrul tău?
r_PromptForSpirometry_Stage3,r_PromptForSpirometry_Stage3 @ Prompt patient to conduct daily spirometry,6,1,6,Prompt patient to conduct daily spirometry,,15,md-020#015,message,To be shown if $mySpiro_readinessForSpirometry=1,$mySpiro_spirometerWithinReach,select one,👤 App/partner message to participant,1,no,$mySpiro_readinessForSpirometry calculated value equals 1,Is your spirometer nearby?,Este spirometrul la îndemână?
r_PromptForSpirometry_Stage4,r_PromptForSpirometry_Stage4 @ Prompt patient to conduct daily spirometry,1,1,1,Prompt patient to conduct daily spirometry,,17,md-020#017,message,To be shown if $mySpiro_readinessForSpirometry=1 and $mySpiro_spirometerWithinReach=0,$mySpiro_spirometerWithinReach,select one,👤 App/partner message to participant,2,no,$mySpiro_readinessForSpirometry calculated value equals 1 ; $mySpiro_spirometerWithinReach calculated value equals 0,Do you need a few minutes to go grab your spirometer? I will wait for you. Please let me know when you are ready.,Ai nevoie de câteva minute pentru a-ți aduce spirometrul? Te aștept. Anunță-mă când ești gata.
r_StartSpirometry,r_StartSpirometry @ Prompt patient to conduct daily spirometry,1,1,1,Prompt patient to conduct daily spirometry,,19,md-020#019,message,"To be shown if $mySpiro_readinessForSpirometry=1 AND $mySpiro_spirometerWithinReach=1. If left unresponded by the user, after a certain amount of time, say 10 minutes, the variable $spirometryStart should be set equal to 0 and the chatbot should move on to the next message in the dialogue.",$mySpiro_spirometryStart,select one,👤 App/partner message to participant,2,no,$mySpiro_spirometerWithinReach calculated value equals 1 ; $mySpiro_readinessForSpirometry calculated value equals 1,Please tap when ready!,Apasă butonul când ești gata!
r_ThanksForCarryingOutSpirometryMeasurement,r_ThanksForCarryingOutSpirometryMeasurement @ Prompt patient to conduct daily spirometry,1,1,1,Prompt patient to conduct daily spirometry,,25,md-020#025,message,Thank the user for taking the time to do spirometry,,expects NO answer,👤 App/partner message to participant,1,no,$claidSpirometryCompleted calculated value equals 1,✅ Thanks for taking the time to do a spirometry measurement.,✅ Mulțumim că ți-ai făcut timp pentru a măsura spirometria.
r_InquireAboutRepeatingSpirometry,r_InquireAboutRepeatingSpirometry @ Prompt patient to conduct daily spirometry,1,1,1,Prompt patient to conduct daily spirometry,,28,md-020#028,message,To be shown if spirometry was started by the user but the procedure was unsuccessful or interrupted,$mySpiro_willingnessToRetrySpirometry,select one,👤 App/partner message to participant,2,no,$mySpiro_spirometryStart calculated value equals 1 ; $claidSpirometryCompleted calculated value equals 0,"⚠️🤷‍♂️ Apparently something did not work out quite right during spirometry. Don't worry, it can happen. Would you like to try again?","⚠️🤷‍♂️ Se pare că ceva nu a mers bine în timpul spirometriei. Nu îți face griji, se mai întâmplă. Vrei să încerci din nou?"
r_DealingWithUnwillingnessToRetrySpirometry_Phase1,r_DealingWithUnwillingnessToRetrySpirometry_Phase1 @ Prompt patient to conduct daily spirometry,1,1,1,Prompt patient to conduct daily spirometry,,30,md-020#030,message,To be shown if user seems unwilling to retry spirometry,$mySpiro_willingnessToEngageWithEducationalMaterialOnSpirometry,select one,👤 App/partner message to participant,1,no,$mySpiro_willingnessToRetrySpirometry calculated value equals 0,I know this can sometimes be frustrating. Would you like to watch a video that will help you improve your spirometry technique?,Știu că uneori poate fi frustrant. Vrei să vezi un videoclip care te ajută să îți îmbunătățești tehnica de spirometrie?
r_DealingWithUnwillingnessToRetrySpirometry_Phase2,r_DealingWithUnwillingnessToRetrySpirometry_Phase2 @ Prompt patient to conduct daily spirometry,1,1,1,Prompt patient to conduct daily spirometry,,32,md-020#032,message,To be shown if user seems unwilling to retry spirometry and refuses to engage with educational material on spirometry,$mySpiro_willingnessToRetrySpirometry,select one,👤 App/partner message to participant,2,no,$mySpiro_willingnessToEngageWithEducationalMaterialOnSpirometry calculated value equals 0 ; $mySpiro_willingnessToRetrySpirometry calculated value equals 0,I understand; perhaps spirometry technique is not the issue here. Would you like to have another go at spirometry?,"Înțeleg, s-ar putea ca tehnica spirometriei să nu fie problema. Vrei să încerci din nou testul?"
r_AskingWhetherAnotherSpirometryReminderCanBeTolerated,r_AskingWhetherAnotherSpirometryReminderCanBeTolerated @ Prompt patient to conduct daily spirometry,1,1,1,Prompt patient to conduct daily spirometry,,34,md-020#034,message,Ask user whether they really want to be reminded one more time about spirometry,$mySpiro_AllowAdditionalSpirometryReminders,select one,👤 App/partner message to participant,1,no,$spiroMesNumberOfDelayedRemindersIssued calculated value is bigger or equal than $hyperparameterMaximalNumberOfDailyRemindersToConductSpirometry,It seems like you have postponed your spirometry measurement several times today. Would you really like to postpone it again?,Se pare că ai amânat testul de spirometrie de mai multe ori astăzi. Vrei sigur să-l amâni din nou?
r_PostponeSpirometry,r_PostponeSpirometry @ Prompt patient to conduct daily spirometry,5,2,1,Prompt patient to conduct daily spirometry,,37,md-020#037,message,To be shown if no readiness for spirometry,$mySpiro_timeDelayForSpirometry,select one,👤 App/partner message to participant,3,no,$mySpiro_readinessForSpirometry calculated value not equals 1 ; $mySpiro_timeDelayForSpirometry calculated value equals -99 ; $mySpiro_newTimeForSpirometry calculated value equals -99,When would you like to be reminded again?,Când ai vrea să-ți reamintesc din nou?
r_PostponeSpirometry,r_PostponeSpirometry @ Prompt patient to conduct daily spirometry,5,2,1,Prompt patient to conduct daily spirometry,,38,md-020#038,message,To be shown if spirometer not within reach,$mySpiro_timeDelayForSpirometry,select one,👤 App/partner message to participant,3,no,$mySpiro_spirometerWithinReach calculated value not equals 1 ; $mySpiro_timeDelayForSpirometry calculated value equals -99 ; $mySpiro_newTimeForSpirometry calculated value equals -99,When would you like to be reminded again?,Când ai vrea să-ți reamintesc din nou?
r_PostponeSpirometry,r_PostponeSpirometry @ Prompt patient to conduct daily spirometry,5,2,1,Prompt patient to conduct daily spirometry,,39,md-020#039,message,To be shown if spirometry was not actually started,$mySpiro_timeDelayForSpirometry,select one,👤 App/partner message to participant,3,no,$mySpiro_spirometryStart calculated value not equals 1 ; $mySpiro_timeDelayForSpirometry calculated value equals -99 ; $mySpiro_newTimeForSpirometry calculated value equals -99,When would you like to be reminded again?,Când ai vrea să-ți reamintesc din nou?
r_PostponeSpirometry,r_PostponeSpirometry @ Prompt patient to conduct daily spirometry,5,2,1,Prompt patient to conduct daily spirometry,,40,md-020#040,message,To be shown if  spirometry was unsuccessful and patient wants to retry,$mySpiro_timeDelayForSpirometry,select one,👤 App/partner message to participant,3,no,$mySpiro_willingnessToRetrySpirometry calculated value equals 1 ; $mySpiro_timeDelayForSpirometry calculated value equals -99 ; $mySpiro_newTimeForSpirometry calculated value equals -99,When would you like to be reminded again?,Când ai vrea să-ți reamintesc din nou?
r_InquireNewTimeForSpirometry,r_InquireNewTimeForSpirometry @ Prompt patient to conduct daily spirometry,2,2,1,Prompt patient to conduct daily spirometry,,43,md-020#043,message,"Ask user to enter precise new time, if user wishes to",$mySpiro_newTimeForSpirometry,time,👤 App/partner message to participant,2,no,$mySpiro_newTimeForSpirometry text value equals -99 ; $mySpiro_timeDelayForSpirometry calculated value equals 4,When would you like to be reminded again?,Când vrei să primești următoarea reamintire?
r_FeedbackOnGoodCompliance,r_FeedbackOnGoodCompliance @ Good Compliance,20,1,10,Good Compliance,Prompt patient to conduct daily spirometry / Feedback on compliance regarding daily spirometry,1,md-022#001,message,To be shown only if spirometer data collection app (CLAID) indicates that spirometry was carried out.,,expects NO answer,👤 App/partner message to participant,0,no,,Great job staying consistent with your spirometry! 🌬️💗 Your dedication is impressive!,Bravo pentru consecvența ta cu spirometria! 🌬️💗 Dedicația ta e impresionantă!
r_FeedbackOnGoodCompliance,r_FeedbackOnGoodCompliance @ Good Compliance,20,1,10,Good Compliance,Prompt patient to conduct daily spirometry / Feedback on compliance regarding daily spirometry,2,md-022#002,message,To be shown only if spirometer data collection app (CLAID) indicates that spirometry was carried out.,,expects NO answer,👤 App/partner message to participant,0,no,,Awesome work keeping up with your spirometry routine! It's really paying off! 💪,Felicitări pentru rutina cu care faci testele tale de spirometrie! Se merită! 💪
r_FeedbackOnGoodCompliance,r_FeedbackOnGoodCompliance @ Good Compliance,20,1,10,Good Compliance,Prompt patient to conduct daily spirometry / Feedback on compliance regarding daily spirometry,3,md-022#003,message,To be shown only if spirometer data collection app (CLAID) indicates that spirometry was carried out.,,expects NO answer,👤 App/partner message to participant,0,no,,You're doing fantastic with your spirometry schedule! Keep up the great work! 💪,Te descurci excelent cu rutina de spirometrie! Ține-o tot așa! 💪
r_FeedbackOnGoodCompliance,r_FeedbackOnGoodCompliance @ Good Compliance,20,1,10,Good Compliance,Prompt patient to conduct daily spirometry / Feedback on compliance regarding daily spirometry,4,md-022#004,message,To be shown only if spirometer data collection app (CLAID) indicates that spirometry was carried out.,,expects NO answer,👤 App/partner message to participant,0,no,,Your commitment to daily spirometry is amazing! You're taking great care of yourself! 👍,Felicitări! Se vede că ai grijă de sănătatea ta! 👍
r_FeedbackOnGoodCompliance,r_FeedbackOnGoodCompliance @ Good Compliance,20,1,10,Good Compliance,Prompt patient to conduct daily spirometry / Feedback on compliance regarding daily spirometry,5,md-022#005,message,To be shown only if spirometer data collection app (CLAID) indicates that spirometry was carried out.,,expects NO answer,👤 App/partner message to participant,0,no,,Well done sticking to your spirometry schedule! You're making a big difference for your health! 🌬️💗,Bravo că urmezi programul de spirometrie! Asta contează mult pentru sănătatea ta! 🌬️💗
r_FeedbackOnGoodCompliance,r_FeedbackOnGoodCompliance @ Good Compliance,20,1,10,Good Compliance,Prompt patient to conduct daily spirometry / Feedback on compliance regarding daily spirometry,6,md-022#006,message,To be shown only if spirometer data collection app (CLAID) indicates that spirometry was carried out.,,expects NO answer,👤 App/partner message to participant,0,no,,You're crushing it with your spirometry routine! 👊 Keep it going!,Ești tare cu testele de spirometrie! 👊 Ține-o tot așa!
r_FeedbackOnGoodCompliance,r_FeedbackOnGoodCompliance @ Good Compliance,20,1,10,Good Compliance,Prompt patient to conduct daily spirometry / Feedback on compliance regarding daily spirometry,7,md-022#007,message,To be shown only if spirometer data collection app (CLAID) indicates that spirometry was carried out.,,expects NO answer,👤 App/partner message to participant,0,no,,Excellent job staying on track with your spirometry! Your hard work shows! 👊,Super că reușești să rămâi pe drumul cel bun! Se vede munca ta! 👊
r_FeedbackOnGoodCompliance,r_FeedbackOnGoodCompliance @ Good Compliance,20,1,10,Good Compliance,Prompt patient to conduct daily spirometry / Feedback on compliance regarding daily spirometry,8,md-022#008,message,To be shown only if spirometer data collection app (CLAID) indicates that spirometry was carried out.,,expects NO answer,👤 App/partner message to participant,0,no,,Your consistency with spirometry is really admirable! Keep up the awesome effort! 💪,Felul în care faci spirometria constant e admirabil! Continuă așa! 💪
r_FeedbackOnGoodCompliance,r_FeedbackOnGoodCompliance @ Good Compliance,20,1,10,Good Compliance,Prompt patient to conduct daily spirometry / Feedback on compliance regarding daily spirometry,9,md-022#009,message,To be shown only if spirometer data collection app (CLAID) indicates that spirometry was carried out.,,expects NO answer,👤 App/partner message to participant,0,no,,Fantastic work keeping up with your spirometry! You're doing everything right! 🌬️💗,Ai făcut o treabă fantastică cu spirometria ta! Faci totul  bine! 🌬️💗
r_FeedbackOnGoodCompliance,r_FeedbackOnGoodCompliance @ Good Compliance,20,1,10,Good Compliance,Prompt patient to conduct daily spirometry / Feedback on compliance regarding daily spirometry,10,md-022#010,message,To be shown only if spirometer data collection app (CLAID) indicates that spirometry was carried out.,,expects NO answer,👤 App/partner message to participant,0,no,,You're doing a great job with your spirometry schedule! 👍 Keep up the excellent progress!,Faci o treabă grozavă cu programul de spirometrie! 👍 Ești pe drumul cel bun!
r_FeedbackOnPoorCompliance,r_FeedbackOnPoorCompliance @ One missed session,31,3,9,One missed session,Prompt patient to conduct daily spirometry / Feedback on compliance regarding daily spirometry / Poor Compliance,1,md-024#001,message,To be shown only if spirometer data collection app (CLAID) indicates that the current day's spirometry was not carried out.,$needSupportMaterialOnCompliance,select one,👤 App/partner message to participant,0,no,,I noticed you missed a spirometry session. It's okay—let's work together to get back on track!,Am observat că ai ratat un test de spirometrie. Nu-i nimic – hai să revenim împreună pe drumul cel bun!
r_FeedbackOnPoorCompliance,r_FeedbackOnPoorCompliance @ One missed session,31,3,9,One missed session,Prompt patient to conduct daily spirometry / Feedback on compliance regarding daily spirometry / Poor Compliance,2,md-024#002,message,To be shown only if spirometer data collection app (CLAID) indicates that the current day's spirometry was not carried out.,$needSupportMaterialOnCompliance,select one,👤 App/partner message to participant,0,no,,It seems like you’ve had a hard time sticking to your spirometry routine. How can I help make it easier for you?,Se pare că ți-a fost greu să respecți rutina. Cum te pot ajuta să-ți fie mai ușor?
r_FeedbackOnPoorCompliance,r_FeedbackOnPoorCompliance @ One missed session,31,3,9,One missed session,Prompt patient to conduct daily spirometry / Feedback on compliance regarding daily spirometry / Poor Compliance,3,md-024#003,message,To be shown only if spirometer data collection app (CLAID) indicates that the current day's spirometry was not carried out.,$needSupportMaterialOnCompliance,select one,👤 App/partner message to participant,0,no,,I see you've missed a spirometry check. No worries—let's figure out a plan to improve!,Ai ratat un test? Nu-ți face griji – Hai să facem împreună un plan ca să îmbunătățim situația!
r_FeedbackOnPoorCompliance,r_FeedbackOnPoorCompliance @ One missed session,31,3,9,One missed session,Prompt patient to conduct daily spirometry / Feedback on compliance regarding daily spirometry / Poor Compliance,4,md-024#004,message,To be shown only if spirometer data collection app (CLAID) indicates that the current day's spirometry was not carried out.,$needSupportMaterialOnCompliance,select one,👤 App/partner message to participant,0,no,,"It happens! If you’re struggling with the spirometry routine, I’m here to support you in getting back on track.","Se mai întâmplă! Dacă îți e greu cu spirometria, sunt aici să te ajut să revii pe drumul bun."
r_FeedbackOnPoorCompliance,r_FeedbackOnPoorCompliance @ One missed session,31,3,9,One missed session,Prompt patient to conduct daily spirometry / Feedback on compliance regarding daily spirometry / Poor Compliance,5,md-024#005,message,To be shown only if spirometer data collection app (CLAID) indicates that the current day's spirometry was not carried out.,$needSupportMaterialOnCompliance,select one,👤 App/partner message to participant,0,no,,I noticed a gap in your spirometry schedule. Let’s find a way to make it more manageable for you.,Am văzut un gol în calendarul tău. Hai să găsim o soluție care să te ajute!
r_FeedbackOnPoorCompliance,r_FeedbackOnPoorCompliance @ One missed session,31,3,9,One missed session,Prompt patient to conduct daily spirometry / Feedback on compliance regarding daily spirometry / Poor Compliance,6,md-024#006,message,To be shown only if spirometer data collection app (CLAID) indicates that the current day's spirometry was not carried out.,$needSupportMaterialOnCompliance,select one,👤 App/partner message to participant,0,no,,"Life can get busy, and spirometry can be easy to forget. Let’s work on finding a routine that fits your day better!","Viața poate fi agitată, și e ușor să uiți de test. Hai să facem un program care ți se potrivește mai bine!"
r_FeedbackOnPoorCompliance,r_FeedbackOnPoorCompliance @ One missed session,31,3,9,One missed session,Prompt patient to conduct daily spirometry / Feedback on compliance regarding daily spirometry / Poor Compliance,7,md-024#007,message,To be shown only if spirometer data collection app (CLAID) indicates that the current day's spirometry was not carried out.,$needSupportMaterialOnCompliance,select one,👤 App/partner message to participant,0,no,,I see there was a missed spirometry check. Let’s chat about what might help you stay on track.,Ai ratat un test? Hai să vorbim despre ce te-ar ajuta să revii!
r_FeedbackOnPoorCompliance,r_FeedbackOnPoorCompliance @ One missed session,31,3,9,One missed session,Prompt patient to conduct daily spirometry / Feedback on compliance regarding daily spirometry / Poor Compliance,8,md-024#008,message,To be shown only if spirometer data collection app (CLAID) indicates that the current day's spirometry was not carried out.,$needSupportMaterialOnCompliance,select one,👤 App/partner message to participant,0,no,,"If keeping up with spirometry has been tough, I totally understand. Let’s find a solution together!","Dacă ți-a fost greu să ții pasul cu testele, te înțeleg! Hai să găsim o soluție împreună!"
r_FeedbackOnPoorCompliance,r_FeedbackOnPoorCompliance @ One missed session,31,3,9,One missed session,Prompt patient to conduct daily spirometry / Feedback on compliance regarding daily spirometry / Poor Compliance,9,md-024#009,message,To be shown only if spirometer data collection app (CLAID) indicates that the current day's spirometry was not carried out.,$needSupportMaterialOnCompliance,select one,👤 App/partner message to participant,0,no,,I noticed you’ve missed a spirometry session. I’m here to help—let’s work on getting back into the routine!,Am văzut că ai lipsit la un test. Sunt aici să te ajut – hai să revenim la rutină!
r_FeedbackOnPoorCompliance,r_FeedbackOnPoorCompliance @ Several missed sessions,31,3,9,Several missed sessions,Prompt patient to conduct daily spirometry / Feedback on compliance regarding daily spirometry / Poor Compliance,1,md-025#001,message,To be shown only if number of consecutive days without spirometry exceeds tolerance.,$needSupportMaterialOnCompliance,select one,👤 App/partner message to participant,1,no,$totalNumberOfConsecutiveDaysWithoutSpirometry calculated value is bigger than $hyperparameterToleranceForNumberOfConsecutiveDaysWithoutSpirometry,"It happens! If you’re struggling with the spirometry routine, I’m here to support you in getting back on track.","Se mai întâmplă! Dacă îți este greu să urmezi rutina de spirometrie, sunt aici să te susțin și să te ajut să revii pe drumul cel bun."
r_FeedbackOnPoorCompliance,r_FeedbackOnPoorCompliance @ Several missed sessions,31,3,9,Several missed sessions,Prompt patient to conduct daily spirometry / Feedback on compliance regarding daily spirometry / Poor Compliance,2,md-025#002,message,To be shown only if number of consecutive days without spirometry exceeds tolerance.,$needSupportMaterialOnCompliance,select one,👤 App/partner message to participant,1,no,$totalNumberOfConsecutiveDaysWithoutSpirometry calculated value is bigger than $hyperparameterToleranceForNumberOfConsecutiveDaysWithoutSpirometry,I noticed a gap in your spirometry schedule. Let’s find a way to make it more manageable for you.,Am observat că există o întrerupere în programul tău de spirometrie. Hai să găsim împreună o modalitate prin care să-ți fie mai ușor de gestionat.
r_FeedbackOnPoorCompliance,r_FeedbackOnPoorCompliance @ Several missed sessions,31,3,9,Several missed sessions,Prompt patient to conduct daily spirometry / Feedback on compliance regarding daily spirometry / Poor Compliance,3,md-025#003,message,To be shown only if number of consecutive days without spirometry exceeds tolerance.,$needSupportMaterialOnCompliance,select one,👤 App/partner message to participant,1,no,$totalNumberOfConsecutiveDaysWithoutSpirometry calculated value is bigger than $hyperparameterToleranceForNumberOfConsecutiveDaysWithoutSpirometry,"Life can get busy, and spirometry can be easy to forget. Let’s work on finding a routine that fits your day better!",Viața e agitată – uneori uităm. Hai să găsim împreună o rutină care se potrivește mai bine programului tău zilnic!
r_FeedbackOnPoorCompliance,r_FeedbackOnPoorCompliance @ Several missed sessions,31,3,9,Several missed sessions,Prompt patient to conduct daily spirometry / Feedback on compliance regarding daily spirometry / Poor Compliance,4,md-025#004,message,To be shown only if number of consecutive days without spirometry exceeds tolerance.,$needSupportMaterialOnCompliance,select one,👤 App/partner message to participant,1,no,$totalNumberOfConsecutiveDaysWithoutSpirometry calculated value is bigger than $hyperparameterToleranceForNumberOfConsecutiveDaysWithoutSpirometry,"If keeping up with spirometry has been tough, I totally understand. Let’s find a solution together!","Dacă ți-a fost greu, te înțeleg total. Hai să găsim o soluție împreună!"
r_FeedbackOnPoorCompliance,r_FeedbackOnPoorCompliance @ Several missed sessions,31,3,9,Several missed sessions,Prompt patient to conduct daily spirometry / Feedback on compliance regarding daily spirometry / Poor Compliance,5,md-025#005,message,To be shown only if number of consecutive days without spirometry exceeds tolerance.,$needSupportMaterialOnCompliance,select one,👤 App/partner message to participant,1,no,$totalNumberOfConsecutiveDaysWithoutSpirometry calculated value is bigger than $hyperparameterToleranceForNumberOfConsecutiveDaysWithoutSpirometry,I noticed you missed a few spirometry sessions. It's okay—let's work together to get back on track!,Am văzut că ai lipsit la câteva teste. Nu-i nimic – hai să revenim împreună pe drumul bun!
r_FeedbackOnPoorCompliance,r_FeedbackOnPoorCompliance @ Several missed sessions,31,3,9,Several missed sessions,Prompt patient to conduct daily spirometry / Feedback on compliance regarding daily spirometry / Poor Compliance,6,md-025#006,message,To be shown only if number of consecutive days without spirometry exceeds tolerance.,$needSupportMaterialOnCompliance,select one,👤 App/partner message to participant,1,no,$totalNumberOfConsecutiveDaysWithoutSpirometry calculated value is bigger than $hyperparameterToleranceForNumberOfConsecutiveDaysWithoutSpirometry,I see you've missed some spirometry checks. No worries—let's figure out a plan to improve!,Ai ratat câteva teste? Nu-ți face griji – hai să facem un plan care te ajută!
r_FeedbackOnPoorCompliance,r_FeedbackOnPoorCompliance @ Several missed sessions,31,3,9,Several missed sessions,Prompt patient to conduct daily spirometry / Feedback on compliance regarding daily spirometry / Poor Compliance,7,md-025#007,message,To be shown only if number of consecutive days without spirometry exceeds tolerance.,$needSupportMaterialOnCompliance,select one,👤 App/partner message to participant,1,no,$totalNumberOfConsecutiveDaysWithoutSpirometry calculated value is bigger than $hyperparameterToleranceForNumberOfConsecutiveDaysWithoutSpirometry,It's okay to miss a few spirometry sessions. Let’s refocus and find a way to make it easier moving forward.,Este în regulă să ratezi câteva ședințe de spirometrie. Haide să ne concentrăm din nou și să găsim o modalitate de a face lucrurile mai ușoare pe viitor.
r_FeedbackOnPoorCompliance,r_FeedbackOnPoorCompliance @ Several missed sessions,31,3,9,Several missed sessions,Prompt patient to conduct daily spirometry / Feedback on compliance regarding daily spirometry / Poor Compliance,8,md-025#008,message,To be shown only if number of consecutive days without spirometry exceeds tolerance.,$needSupportMaterialOnCompliance,select one,👤 App/partner message to participant,1,no,$totalNumberOfConsecutiveDaysWithoutSpirometry calculated value is bigger than $hyperparameterToleranceForNumberOfConsecutiveDaysWithoutSpirometry,I see there were some missed spirometry checks. Let’s chat about what might help you stay on track.,Ai ratat câteva teste? Hai să vedem ce ar merge mai bine pentru tine.
r_FeedbackOnPoorCompliance,r_FeedbackOnPoorCompliance @ Several missed sessions,31,3,9,Several missed sessions,Prompt patient to conduct daily spirometry / Feedback on compliance regarding daily spirometry / Poor Compliance,9,md-025#009,message,To be shown only if number of consecutive days without spirometry exceeds tolerance.,$needSupportMaterialOnCompliance,select one,👤 App/partner message to participant,1,no,$totalNumberOfConsecutiveDaysWithoutSpirometry calculated value is bigger than $hyperparameterToleranceForNumberOfConsecutiveDaysWithoutSpirometry,I noticed you’ve missed a few spirometry sessions. I’m here to help—let’s work on getting back into the routine!,Am observat că ai ratat câteva ședințe de spirometrie. Sunt aici să te ajut – hai să lucrăm împreună pentru a reveni la rutină!
r_QueryInterestInOutcomes,r_QueryInterestInOutcomes @ Medical Feedback lung function,2,2,1,Medical Feedback lung function,Prompt patient to conduct daily spirometry,1,md-026#001,message,To be shown only if current spirometry values are not so good.,$interestInCurrentSpyrometryOutcomes,select one,👤 App/partner message to participant,0,no,,Thanks for doing spirometry today! 🌬️💗 Would you like to know more about the outcome of your test?,Mulțumesc că ai făcut testul astăzi! 🌬️💗 Vrei să afli mai multe despre rezultat?
r_StartSpirometryOutcomesReview,r_StartSpirometryOutcomesReview @ Medical Feedback lung function,1,1,1,Medical Feedback lung function,Prompt patient to conduct daily spirometry,2,md-026#002,message,To be shown only if $interestInCurrentSpyrometryOutcomes=2,$displayOfSpirometryOutcomes,select one,👤 App/partner message to participant,1,no,$interestInCurrentSpyrometryOutcomes calculated value equals 2,Please tap when ready!,Apasă butonul când ești gata!
r_PostponeSpirometryOutcomesReview,r_PostponeSpirometryOutcomesReview @ Medical Feedback lung function,1,1,1,Medical Feedback lung function,Prompt patient to conduct daily spirometry,3,md-026#003,message,To be shown only if $interestInCurrentSpyrometryOutcomes=1,$timeToBeSetForSpirometryOutcomesDisplay,select one,👤 App/partner message to participant,1,no,$interestInCurrentSpyrometryOutcomes calculated value equals 1,When would you like to be reminded again?,Când vrei să-ți reamintesc din nou?
r_InquireNewTimeForSpirometryOutcomesReview,r_InquireNewTimeForSpirometryOutcomesReview @ Medical Feedback lung function,1,1,1,Medical Feedback lung function,Prompt patient to conduct daily spirometry,4,md-026#004,message,To be shown only if $timeToBeSetForSpirometryOutcomesDisplay=4,$newTimeForDisplayingOutcomeOfSpirometry,time,👤 App/partner message to participant,1,no,$timeToBeSetForSpirometryOutcomesDisplay calculated value equals 4,Please enter the time at which you would like to review the outcomes of your spirometry measurement today?,La ce oră vrei să verifici rezultatele testului de azi?
r_InstructionsOnHowToAccessSpirometryOutcomes,r_InstructionsOnHowToAccessSpirometryOutcomes @ Medical Feedback lung function,1,1,1,Medical Feedback lung function,Prompt patient to conduct daily spirometry,5,md-026#005,message,To be shown only if $interestInCurrentSpyrometryOutcomes=0,,expects NO answer,👤 App/partner message to participant,1,no,$interestInCurrentSpyrometryOutcomes calculated value equals 0,Remember that you can always review the outcomes of your most recent spirometry measurements by going to ....,Nu uita că poți vedea oricând rezultatele testelor tale la ...
r_GoodByeAfterSuccessfullyCarryingOutSpirometryMeasurement,r_GoodByeAfterSuccessfullyCarryingOutSpirometryMeasurement @ Quit spirometry dialog after successful spirometry procedure,6,1,6,Quit spirometry dialog after successful spirometry procedure,Prompt patient to conduct daily spirometry,0,md-027#000,message,Finish spirometry dialog,,expects NO answer,👤 App/partner message to participant,2,no,$mySpiro_spirometryStart calculated value equals 1 ; $claidSpirometryCompleted calculated value equals 1,Good bye! 👋,La revedere! 👋
r_GoodByeAfterSuccessfullyCarryingOutSpirometryMeasurement,r_GoodByeAfterSuccessfullyCarryingOutSpirometryMeasurement @ Quit spirometry dialog after successful spirometry procedure,6,1,6,Quit spirometry dialog after successful spirometry procedure,Prompt patient to conduct daily spirometry,1,md-027#001,message,Finish spirometry dialog,,expects NO answer,👤 App/partner message to participant,2,no,$mySpiro_spirometryStart calculated value equals 1 ; $claidSpirometryCompleted calculated value equals 1,Have a fantastic day ahead!,Să ai o zi fantastică!
r_GoodByeAfterSuccessfullyCarryingOutSpirometryMeasurement,r_GoodByeAfterSuccessfullyCarryingOutSpirometryMeasurement @ Quit spirometry dialog after successful spirometry procedure,6,1,6,Quit spirometry dialog after successful spirometry procedure,Prompt patient to conduct daily spirometry,2,md-027#002,message,Finish spirometry dialog,,expects NO answer,👤 App/partner message to participant,2,no,$mySpiro_spirometryStart calculated value equals 1 ; $claidSpirometryCompleted calculated value equals 1,Goodbye for now! 👋,Pe curând! 👋
r_GoodByeAfterSuccessfullyCarryingOutSpirometryMeasurement,r_GoodByeAfterSuccessfullyCarryingOutSpirometryMeasurement @ Quit spirometry dialog after successful spirometry procedure,6,1,6,Quit spirometry dialog after successful spirometry procedure,Prompt patient to conduct daily spirometry,3,md-027#003,message,Finish spirometry dialog,,expects NO answer,👤 App/partner message to participant,2,no,$mySpiro_spirometryStart calculated value equals 1 ; $claidSpirometryCompleted calculated value equals 1,Have a nice day! 🙋,Să ai o zi frumoasă! 🙋
r_GoodByeAfterSuccessfullyCarryingOutSpirometryMeasurement,r_GoodByeAfterSuccessfullyCarryingOutSpirometryMeasurement @ Quit spirometry dialog after successful spirometry procedure,6,1,6,Quit spirometry dialog after successful spirometry procedure,Prompt patient to conduct daily spirometry,4,md-027#004,message,Finish spirometry dialog,,expects NO answer,👤 App/partner message to participant,2,no,$mySpiro_spirometryStart calculated value equals 1 ; $claidSpirometryCompleted calculated value equals 1,Have a nice day! 🙋‍♂️,Să ai o zi minunată! 🙋‍♂️
r_GoodByeAfterSuccessfullyCarryingOutSpirometryMeasurement,r_GoodByeAfterSuccessfullyCarryingOutSpirometryMeasurement @ Quit spirometry dialog after successful spirometry procedure,6,1,6,Quit spirometry dialog after successful spirometry procedure,Prompt patient to conduct daily spirometry,5,md-027#005,message,Finish spirometry dialog,,expects NO answer,👤 App/partner message to participant,2,no,$mySpiro_spirometryStart calculated value equals 1 ; $claidSpirometryCompleted calculated value equals 1,See you later! 👋,Ne revedem mai târziu! 👋
r_GoodByeMessageAfterFailedAttemptAtSpirometry,r_GoodByeMessageAfterFailedAttemptAtSpirometry @ Quit spirometry dialog after unsuccessful spirometry procedure,1,1,1,Quit spirometry dialog after unsuccessful spirometry procedure,Prompt patient to conduct daily spirometry,0,md-028#000,message,Accept that user is not willing to repeat spirometry procedure for the day,,expects NO answer,👤 App/partner message to participant,2,no,$mySpiro_spirometryStart calculated value equals 1 ; $claidSpirometryCompleted calculated value equals 0,I understand. Tomorrow things will be easier. Good bye 👋,Înțeleg. Mâine o să fie mai ușor. Pa! 👋
r_GoodByeMessageAfterTooManySpirometryReminders,r_GoodByeMessageAfterTooManySpirometryReminders @ Quit spirometry dialog after too many spirometry reminders,1,1,1,Quit spirometry dialog after too many spirometry reminders,Prompt patient to conduct daily spirometry,0,md-029#000,message,Accept that user is not in the position to carry out the spirometry procedure for the day,,expects NO answer,👤 App/partner message to participant,0,no,,"I understand you may have a busy schedule today.
I'm sure tomorrow things will be easier. Bye 👋",Înțeleg că astăzi ai putea avea un program încărcat. Sunt sigur că mâine o să fie mai bine. Pa! 👋
r_IntroductionOfWeeklyIncentive_Stage0,r_IntroductionOfWeeklyIncentive_Stage0 @ Introduction of weekly incentive,1,1,1,Introduction of weekly incentive,,4,md-030#004,message,To be shown on Mondays,,expects NO answer,👤 App/partner message to participant,1,no,$systemDayInWeek calculated value equals 1,Today is the first day of the week. I will closely assist you throughout the week to help you complete your daily routines! 🤗,Azi e prima zi din săptămână! O să fiu alături de tine săptămâna asta să te ajut să-ți ții rutina zilnică! 🤗
r_InquiryInterestInLotteryDrawing_Stage2,r_InquiryInterestInLotteryDrawing_Stage2 @ Introduction of weekly incentive,1,1,1,Introduction of weekly incentive,,8,md-030#008,message,To be shown on Mondays,$interestInParticipatingInCurrentLotteryDrawing,select one,👤 App/partner message to participant,1,no,$systemDayInWeek calculated value equals 1,Does that sound like a good plan?,Ți se pare un plan bun?
r_InquiryInterestInLotteryDrawing_Stage3,r_InquiryInterestInLotteryDrawing_Stage3 @ Introduction of weekly incentive,1,1,1,Introduction of weekly incentive,,9,md-030#009,message,To be shown on Mondays and only if $interestInParticipatingInCurrentLotteryDrawing=0,$interestInParticipatingInCurrentLotteryDrawing,select one,👤 App/partner message to participant,2,no,$systemDayInWeek calculated value equals 1 ; $interestInParticipatingInCurrentLotteryDrawing calculated value equals 0,"Are you sure? 🙁 I promise, it will be awesome! ✨ Especially because, currently, the probability of you winning is 100%!","Ești sigur/ă? 🙁 Îți promit că o să fie super tare! ✨ Și în plus, șansele tale de câștig sunt de 100%!"
r_IntroductionOfWeeklyIncentive_Stage4,r_IntroductionOfWeeklyIncentive_Stage4 @ Introduction of weekly incentive,1,1,1,Introduction of weekly incentive,,10,md-030#010,message,To be shown on Mondays and only if $interestInParticipatingInCurrentLotteryDrawing=1,,expects NO answer,👤 App/partner message to participant,2,no,$interestInParticipatingInCurrentLotteryDrawing calculated value equals 1 ; $systemDayInWeek calculated value equals 1,The probability of winning is currently 100%! 🤝,Ai 100% șanse să câștigi acum! 🤝
r_IntroductionOfWeeklyIncentive_Stage5,r_IntroductionOfWeeklyIncentive_Stage5 @ Introduction of weekly incentive,1,1,1,Introduction of weekly incentive,,12,md-030#012,message,To be shown on Mondays  and only if $interestInParticipatingInCurrentLotteryDrawing=1 or $interestInParticipatingInCurrentLotteryDrawing=2,,expects NO answer,👤 App/partner message to participant,3,no,$systemDayInWeek calculated value equals 1 ; $interestInParticipatingInCurrentLotteryDrawing calculated value is bigger than 0 ; $interestInParticipatingInCurrentLotteryDrawing calculated value not equals 99,"It will stay like that if, for the rest of this week, we work together in order to fulfill your patient responsibilities. 🌟",Poți păstra aceste șanse dacă săptămâna asta facem echipă și îți ții responsabilitățile de pacient! 🌟
r_IntroductionOfWeeklyIncentive_Stage6,r_IntroductionOfWeeklyIncentive_Stage6 @ Introduction of weekly incentive,1,1,1,Introduction of weekly incentive,,13,md-030#013,message,"To be shown on first Mondays after enrollment, as determined by $hyperparameterNumberOfWeeksAfterEnrollmentDetailedIncentiveLossAversionInfoIsShown, and only if $interestInParticipatingInCurrentLotteryDrawing=1 or $interestInParticipatingInCurrentLotteryDrawing=2",,select one,👤 App/partner message to participant,4,no,$systemDayInWeek calculated value equals 1 ; $numberOfInteractionsWithIncentivesDialogues calculated value is smaller or equal than $hyperparameterNumberOfWeeksAfterEnrollmentDetailedIncentiveLossAversionInfoIsShown ; $interestInParticipatingInCurrentLotteryDrawing calculated value is bigger than 0 ; $interestInParticipatingInCurrentLotteryDrawing calculated value not equals 99,"And that's quite straightforward! All you need to do during the day is to take your medications as prescribed by your doctor, and to carry out your daily lung function measurement.",[not set]
r_IntroductionOfWeeklyIncentive_Stage7,r_IntroductionOfWeeklyIncentive_Stage7 @ Introduction of weekly incentive,1,1,1,Introduction of weekly incentive,,14,md-030#014,message,"To be shown on first Mondays after enrollment, as determined by $hyperparameterNumberOfWeeksAfterEnrollmentDetailedIncentiveLossAversionInfoIsShown, and only if $interestInParticipatingInCurrentLotteryDrawing=1 or $interestInParticipatingInCurrentLotteryDrawing=2",,select one,👤 App/partner message to participant,4,no,$systemDayInWeek calculated value equals 1 ; $numberOfInteractionsWithIncentivesDialogues calculated value is smaller or equal than $hyperparameterNumberOfWeeksAfterEnrollmentDetailedIncentiveLossAversionInfoIsShown ; $interestInParticipatingInCurrentLotteryDrawing calculated value is bigger than 0 ; $interestInParticipatingInCurrentLotteryDrawing calculated value not equals 99,"At night it’s even easier! Just before you go to sleep, you put on your smartwatch, connect the phone to its charger and place it close to your bed, and, lastly, activate the Alex app.",[not set]
r_IntroductionOfWeeklyIncentive_Stage8,r_IntroductionOfWeeklyIncentive_Stage8 @ Introduction of weekly incentive,1,1,1,Introduction of weekly incentive,,15,md-030#015,message,To be shown on Mondays and only if $interestInParticipatingInCurrentLotteryDrawing=1 or $interestInParticipatingInCurrentLotteryDrawing=2,,expects NO answer,👤 App/partner message to participant,3,no,$systemDayInWeek calculated value equals 1 ; $interestInParticipatingInCurrentLotteryDrawing calculated value is bigger than 0 ; $interestInParticipatingInCurrentLotteryDrawing calculated value not equals 99,Don't worry! I will send you reminders and offer my assistance. 💙,Nu-ți face griji! Îți trimit o scurtă reamintire și te ajut! 💙
r_IntroductionOfWeeklyIncentive_Stage9,r_IntroductionOfWeeklyIncentive_Stage9 @ Introduction of weekly incentive,1,1,1,Introduction of weekly incentive,,16,md-030#016,message,To be shown on Mondays and only if $interestInParticipatingInCurrentLotteryDrawing=1 or $interestInParticipatingInCurrentLotteryDrawing=2,,select one,👤 App/partner message to participant,3,no,$systemDayInWeek calculated value equals 1 ; $interestInParticipatingInCurrentLotteryDrawing calculated value is bigger than 0 ; $interestInParticipatingInCurrentLotteryDrawing calculated value not equals 99,"Remember, the probability of you winning $nameOfWeek1Incentive is 100%! 🙌",[not set]
r_IntroductionOfWeeklyIncentive_Stage10,r_IntroductionOfWeeklyIncentive_Stage10 @ Introduction of weekly incentive,1,1,1,Introduction of weekly incentive,,17,md-030#017,message,To be shown on Mondays and only if $interestInParticipatingInCurrentLotteryDrawing=1 or $interestInParticipatingInCurrentLotteryDrawing=2,,expects NO answer,👤 App/partner message to participant,3,no,$systemDayInWeek calculated value equals 1 ; $interestInParticipatingInCurrentLotteryDrawing calculated value is bigger than 0 ; $interestInParticipatingInCurrentLotteryDrawing calculated value not equals 99,"All you need to do to win $nameOfWeek1Incentive with absolute certainty is to make sure that, during this week, which is just seven days, you stick to your daytime and nighttime monitoring and medication routine.","Tot ce trebuie să faci ca să câștigi $nameOfWeek1Incentive cu siguranță este ca, timp de doar 7 zile, să-ți respecți rutina de medicamente și măsurători, zi și noapte."
r_IntroductionOfWeeklyIncentive_Stage11,r_IntroductionOfWeeklyIncentive_Stage11 @ Introduction of weekly incentive,1,1,1,Introduction of weekly incentive,,18,md-030#018,message,To be shown on Mondays and only if $interestInParticipatingInCurrentLotteryDrawing=1 or $interestInParticipatingInCurrentLotteryDrawing=2,,expects NO answer,👤 App/partner message to participant,3,no,$systemDayInWeek calculated value equals 1 ; $interestInParticipatingInCurrentLotteryDrawing calculated value is bigger than 0 ; $interestInParticipatingInCurrentLotteryDrawing calculated value not equals 99,Don’t let any missed measurement or medication puff diminish the probability of winning!,Nu lăsa un test uitat sau un medicament ratat să-ți scadă șansele de câștig!
r_IntroductionOfWeeklyIncentive_Stage12,r_IntroductionOfWeeklyIncentive_Stage12 @ Introduction of weekly incentive,1,1,1,Introduction of weekly incentive,,19,md-030#019,message,To be shown on Mondays and only if $interestInParticipatingInCurrentLotteryDrawing=1 or $interestInParticipatingInCurrentLotteryDrawing=2,,expects NO answer,👤 App/partner message to participant,3,no,$systemDayInWeek calculated value equals 1 ; $interestInParticipatingInCurrentLotteryDrawing calculated value is bigger than 0 ; $interestInParticipatingInCurrentLotteryDrawing calculated value not equals 99,I know you can do it! 💪,Știu că poți reuși! 💪
r_FeedbackOnGoodOverallCompliance_Stage1,r_FeedbackOnGoodOverallCompliance_Stage1 @ EarlyPhase,1,1,1,EarlyPhase,Introduction of weekly incentive / Status of weekly incentive,2,md-032#002,message,---,,expects NO answer,👤 App/partner message to participant,0,no,,I would like to give you an update based on your recent levels of engagement.,Vreau să-ți dau o actualizare în funcție de cât de implicat/ă ai fost recent.
r_FeedbackOnGoodOverallCompliance_Stage2,r_FeedbackOnGoodOverallCompliance_Stage2 @ EarlyPhase,1,1,1,EarlyPhase,Introduction of weekly incentive / Status of weekly incentive,3,md-032#003,message,---,,expects NO answer,👤 App/partner message to participant,0,no,,The probability of you winning $nameOfWeek1Incentive is now $probabilityOfWinningCurrentLottery %. 🤓,Șansele tale să câștigi $nameOfWeek1Incentive sunt acum $probabilityOfinningCurrentLottery%. 🤓
r_FeedbackOnGoodOverallCompliance_Stage3,r_FeedbackOnGoodOverallCompliance_Stage3 @ EarlyPhase,1,1,1,EarlyPhase,Introduction of weekly incentive / Status of weekly incentive,4,md-032#004,message,---,,expects NO answer,👤 App/partner message to participant,0,no,,I would say you've got a super duper high shot at taking home the win! 🔥,Aș spune că ai șanse mari să câștigi! 🔥
r_FeedbackOnGoodOverallCompliance_Stage4,r_FeedbackOnGoodOverallCompliance_Stage4 @ EarlyPhase,1,1,1,EarlyPhase,Introduction of weekly incentive / Status of weekly incentive,5,md-032#005,message,---,,expects NO answer,👤 App/partner message to participant,0,no,,Keep up the great work! 💪,Continuă să faci o treabă bună! 💪
r_FeedbackOnPoorOverallCompliance_Stage1,r_FeedbackOnPoorOverallCompliance_Stage1 @ FinalPhase,1,1,1,FinalPhase,Introduction of weekly incentive / Status of weekly incentive,2,md-034#002,message,To be shown only if $probabilityOfWinningCurrentLottery<20%,,expects NO answer,👤 App/partner message to participant,1,no,$probabilityOfWinningCurrentLottery calculated value is smaller than 0.2,It looks like this week you had major difficulties keeping up with your asthma management routine.,Se pare că săptămâna aceasta ai avut mari dificultăți în a-ți menține rutina de gestionare a tratamentului pentru astm.
r_FeedbackOnPoorOverallCompliance_Stage2,r_FeedbackOnPoorOverallCompliance_Stage2 @ FinalPhase,1,1,1,FinalPhase,Introduction of weekly incentive / Status of weekly incentive,3,md-034#003,message,To be shown only if $probabilityOfWinningCurrentLottery<20%,,expects NO answer,👤 App/partner message to participant,1,no,$probabilityOfWinningCurrentLottery calculated value is smaller than 0.2,"Therefore, your odds of winning $nameOfWeek1Incentive are, at $probabilityOfWinningCurrentLottery %, a bit low at this point.","Din cauza asta, șansele tale de câștig pentru $nameOfWeek1Incentive sunt puțin mai mici – $probabilityOfWinningCurrentLottery %."
r_FeedbackOnPoorOverallCompliance_Stage3,r_FeedbackOnPoorOverallCompliance_Stage3 @ FinalPhase,1,1,1,FinalPhase,Introduction of weekly incentive / Status of weekly incentive,4,md-034#004,message,To be shown only if $probabilityOfWinningCurrentLottery<20%,,expects NO answer,👤 App/partner message to participant,1,no,$probabilityOfWinningCurrentLottery calculated value is smaller than 0.2,"However, I am confident next week you can do a lot better! 🌞",Dar sunt sigur că săptămâna viitoare o să-ți iasă mult mai bine! 🌞
r_PromptForNighttimeMonitoring_Stage1_Push,r_PromptForNighttimeMonitoring_Stage1_Push @ Prompt patient to prepare for nighttime monitoring,2,1,2,Prompt patient to prepare for nighttime monitoring,,4,md-035#004,message,Sent as push notification,,expects NO answer,👤 App/partner message to participant,0,no,,"Good evening! 🌙
Quick reminder to set up your devices for nighttime asthma monitoring! 😴📲",Bună seara! 🌙 O scurtă reamintire  ca să-ți pregătești dispozitivele pentru monitorizarea astmului pe timpul nopții! 😴📲
r_PromptForNighttimeMonitoring_Stage1_Push,r_PromptForNighttimeMonitoring_Stage1_Push @ Prompt patient to prepare for nighttime monitoring,2,1,2,Prompt patient to prepare for nighttime monitoring,,5,md-035#005,message,Sent as push notification,,expects NO answer,👤 App/partner message to participant,0,no,,"As your bedtime approaches, this is a friendly reminder to put on your smartwatch, connect the phone to its charger and place it close to your bed. 😴","Pe măsură ce se apropie ora de culcare, iată o scurtă reamintire prietenoasă: pune-ți ceasul inteligent, conectează telefonul la încărcător și lasă-l lângă pat. 😴"
r_PromptForNighttimeMonitoring_Stage2,r_PromptForNighttimeMonitoring_Stage2 @ Prompt patient to prepare for nighttime monitoring,1,1,1,Prompt patient to prepare for nighttime monitoring,,8,md-035#008,message,Checklist in preparation for night time monitoring,$readinessForNighttimeAsthmaMonitoring,select many,👤 App/partner message to participant,0,no,,Here is your checklist before you doze off:,Iată lista ta de verificare înainte să adormi:
r_PromptForNighttimeMonitoring_Stage3_Push,r_PromptForNighttimeMonitoring_Stage3_Push @ Prompt patient to prepare for nighttime monitoring,1,1,1,Prompt patient to prepare for nighttime monitoring,,9,md-035#009,message,"Sent as push notification. To be shown only if $readinessForNighttimeAsthmaMonitoring=(1,2,3)",,expects NO answer,👤 App/partner message to participant,1,no,"$readinessForNighttimeAsthmaMonitoring text value equals 1,2,3",Please remember to activate the Alex app 📲. Good night! 🌙😴,Te rog nu uita să activezi aplicația Alex 📲. Noapte bună! 🌙😴
r_FeedbackOnGoodCompliance,r_FeedbackOnGoodCompliance @ Good Compliance,20,1,10,Good Compliance,Prompt patient to prepare for nighttime monitoring / Feedback on compliance regarding nighttime monitoring,1,md-037#001,message,+,,expects NO answer,👤 App/partner message to participant,0,no,,Great job staying consistent with your spirometry! 🌬️💗 Your dedication is impressive!,Bravo pentru consecvența ta cu spirometria! 🌬️💗 Dedicația ta e impresionantă!
r_FeedbackOnGoodCompliance,r_FeedbackOnGoodCompliance @ Good Compliance,20,1,10,Good Compliance,Prompt patient to prepare for nighttime monitoring / Feedback on compliance regarding nighttime monitoring,2,md-037#002,message,+,,expects NO answer,👤 App/partner message to participant,0,no,,Awesome work keeping up with your spirometry routine! It's really paying off! 💪,Felicitări pentru rutina cu care faci testele tale de spirometrie! Se merită! 💪
r_FeedbackOnGoodCompliance,r_FeedbackOnGoodCompliance @ Good Compliance,20,1,10,Good Compliance,Prompt patient to prepare for nighttime monitoring / Feedback on compliance regarding nighttime monitoring,3,md-037#003,message,+,,expects NO answer,👤 App/partner message to participant,0,no,,You're doing fantastic with your spirometry schedule! Keep up the great work! 💪,Te descurci excelent cu rutina de spirometrie! Ține-o tot așa! 💪
r_FeedbackOnGoodCompliance,r_FeedbackOnGoodCompliance @ Good Compliance,20,1,10,Good Compliance,Prompt patient to prepare for nighttime monitoring / Feedback on compliance regarding nighttime monitoring,4,md-037#004,message,+,,expects NO answer,👤 App/partner message to participant,0,no,,Your commitment to daily spirometry is amazing! You're taking great care of yourself! 👍,Felicitări! Se vede că ai grijă de sănătatea ta! 👍
r_FeedbackOnGoodCompliance,r_FeedbackOnGoodCompliance @ Good Compliance,20,1,10,Good Compliance,Prompt patient to prepare for nighttime monitoring / Feedback on compliance regarding nighttime monitoring,5,md-037#005,message,+,,expects NO answer,👤 App/partner message to participant,0,no,,Well done sticking to your spirometry schedule! You're making a big difference for your health! 🌬️💗,Bravo că urmezi programul de spirometrie! Asta contează mult pentru sănătatea ta! 🌬️💗
r_FeedbackOnGoodCompliance,r_FeedbackOnGoodCompliance @ Good Compliance,20,1,10,Good Compliance,Prompt patient to prepare for nighttime monitoring / Feedback on compliance regarding nighttime monitoring,6,md-037#006,message,+,,expects NO answer,👤 App/partner message to participant,0,no,,You're crushing it with your spirometry routine! 👊 Keep it going!,Ești tare cu testele de spirometrie! 👊 Ține-o tot așa!
r_FeedbackOnGoodCompliance,r_FeedbackOnGoodCompliance @ Good Compliance,20,1,10,Good Compliance,Prompt patient to prepare for nighttime monitoring / Feedback on compliance regarding nighttime monitoring,7,md-037#007,message,+,,expects NO answer,👤 App/partner message to participant,0,no,,Excellent job staying on track with your spirometry! Your hard work shows! 👊,Super că reușești să rămâi pe drumul cel bun! Se vede munca ta! 👊
r_FeedbackOnGoodCompliance,r_FeedbackOnGoodCompliance @ Good Compliance,20,1,10,Good Compliance,Prompt patient to prepare for nighttime monitoring / Feedback on compliance regarding nighttime monitoring,8,md-037#008,message,+,,expects NO answer,👤 App/partner message to participant,0,no,,Your consistency with spirometry is really admirable! Keep up the awesome effort! 💪,Felul în care faci spirometria constant e admirabil! Continuă așa! 💪
r_FeedbackOnGoodCompliance,r_FeedbackOnGoodCompliance @ Good Compliance,20,1,10,Good Compliance,Prompt patient to prepare for nighttime monitoring / Feedback on compliance regarding nighttime monitoring,9,md-037#009,message,+,,expects NO answer,👤 App/partner message to participant,0,no,,Fantastic work keeping up with your spirometry! You're doing everything right! 🌬️💗,Ai făcut o treabă fantastică cu spirometria ta! Faci totul  bine! 🌬️💗
r_FeedbackOnGoodCompliance,r_FeedbackOnGoodCompliance @ Good Compliance,20,1,10,Good Compliance,Prompt patient to prepare for nighttime monitoring / Feedback on compliance regarding nighttime monitoring,10,md-037#010,message,+,,expects NO answer,👤 App/partner message to participant,0,no,,You're doing a great job with your spirometry schedule! 👍 Keep up the excellent progress!,Faci o treabă grozavă cu programul de spirometrie! 👍 Ești pe drumul cel bun!
r_FeedbackOnPoorCompliance,r_FeedbackOnPoorCompliance @ Poor Compliance,31,3,13,Poor Compliance,Prompt patient to prepare for nighttime monitoring / Feedback on compliance regarding nighttime monitoring,1,md-038#001,message,-,$needSupportMaterialOnCompliance,select one,👤 App/partner message to participant,0,no,,I noticed you missed a night of asthma monitoring. It's okay—let's work together to get back on track!,"Hei, am văzut că ai sărit o noapte de monitorizare. Nu-i nimic! Hai să ne organizăm împreună ca să revenim pe drumul cel bun! 💪"
r_FeedbackOnPoorCompliance,r_FeedbackOnPoorCompliance @ Poor Compliance,31,3,13,Poor Compliance,Prompt patient to prepare for nighttime monitoring / Feedback on compliance regarding nighttime monitoring,2,md-038#002,message,-,$needSupportMaterialOnCompliance,select one,👤 App/partner message to participant,0,no,,I noticed you missed a few nights of nighttime asthma monitoring. It's okay—let's work together to get back on track!,Se pare că ai ratat câteva nopți de monitorizare. E ok – putem lucra împreună ca să te întorci la rutina ta!
r_FeedbackOnPoorCompliance,r_FeedbackOnPoorCompliance @ Poor Compliance,31,3,13,Poor Compliance,Prompt patient to prepare for nighttime monitoring / Feedback on compliance regarding nighttime monitoring,3,md-038#003,message,-,$needSupportMaterialOnCompliance,select one,👤 App/partner message to participant,0,no,,It seems like you’ve had a hard time sticking to your nighttime asthma monitoring routine. How can I help make it easier for you?,Am văzut că ți-a fost greu să-ți ții rutina de seară. Cu ce pot să te ajut ca să-ți fie mai ușor?
r_FeedbackOnPoorCompliance,r_FeedbackOnPoorCompliance @ Poor Compliance,31,3,13,Poor Compliance,Prompt patient to prepare for nighttime monitoring / Feedback on compliance regarding nighttime monitoring,4,md-038#004,message,-,$needSupportMaterialOnCompliance,select one,👤 App/partner message to participant,0,no,,I see you've missed a night of asthma monitoring. No worries—let's figure out a plan to improve!,Ai uitat o noapte de monitorizare? Nu-ți face griji! Putem găsi împreună un plan ca să-ți iasă mai bine data viitoare!
r_FeedbackOnPoorCompliance,r_FeedbackOnPoorCompliance @ Poor Compliance,31,3,13,Poor Compliance,Prompt patient to prepare for nighttime monitoring / Feedback on compliance regarding nighttime monitoring,5,md-038#005,message,-,$needSupportMaterialOnCompliance,select one,👤 App/partner message to participant,0,no,,I see you've missed some nights of nighttime asthma monitoring. No worries—let's figure out a plan to improve!,Ai sărit peste mai multe nopți de monitorizare. E în regulă! Hai să ne gândim împreună la o soluție care te-ar putea ajuta!
r_FeedbackOnPoorCompliance,r_FeedbackOnPoorCompliance @ Poor Compliance,31,3,13,Poor Compliance,Prompt patient to prepare for nighttime monitoring / Feedback on compliance regarding nighttime monitoring,6,md-038#006,message,-,$needSupportMaterialOnCompliance,select one,👤 App/partner message to participant,0,no,,"It happens! If you’re struggling with the nighttime asthma monitoring routine, I’m here to support you in getting back on track.","Se mai întâmplă să uiți! Dacă ți-e greu să-ți ții rutina de monitorizare pe timpul nopții, sunt aici să te ajut să-ți reiei obiceiul!"
r_FeedbackOnPoorCompliance,r_FeedbackOnPoorCompliance @ Poor Compliance,31,3,13,Poor Compliance,Prompt patient to prepare for nighttime monitoring / Feedback on compliance regarding nighttime monitoring,7,md-038#007,message,-,$needSupportMaterialOnCompliance,select one,👤 App/partner message to participant,0,no,,I noticed a gap in your nighttime asthma monitoring schedule. Let’s find a way to make it more manageable for you.,Am observat că lipsește o parte din rutina ta de noapte. Hai să găsim o modalitate de a face lucrurile mai simple!
r_FeedbackOnPoorCompliance,r_FeedbackOnPoorCompliance @ Poor Compliance,31,3,13,Poor Compliance,Prompt patient to prepare for nighttime monitoring / Feedback on compliance regarding nighttime monitoring,8,md-038#008,message,-,$needSupportMaterialOnCompliance,select one,👤 App/partner message to participant,0,no,,"Life can get busy, and nighttime asthma monitoring can be easy to forget. Let’s work on finding a routine that fits your day (and night) better!",Știu că uneori viața e aglomerată și ușor poți uita de monitorizare. Hai să găsim un program care se potrivește cu ziua (și noaptea) ta!
r_FeedbackOnPoorCompliance,r_FeedbackOnPoorCompliance @ Poor Compliance,31,3,13,Poor Compliance,Prompt patient to prepare for nighttime monitoring / Feedback on compliance regarding nighttime monitoring,9,md-038#009,message,-,$needSupportMaterialOnCompliance,select one,👤 App/partner message to participant,0,no,,It's okay to miss a few nights of nighttime asthma monitoring sessions. Let’s refocus and find a way to make it easier moving forward.,Este ok să mai uiți câte o noapte de monitorizare. Hai să găsim o soluție ca data viitoare să-ți fie mai ușor!
r_FeedbackOnPoorCompliance,r_FeedbackOnPoorCompliance @ Poor Compliance,31,3,13,Poor Compliance,Prompt patient to prepare for nighttime monitoring / Feedback on compliance regarding nighttime monitoring,10,md-038#010,message,-,$needSupportMaterialOnCompliance,select one,👤 App/partner message to participant,0,no,,I see there was a missed night of asthma monitoring. Let’s chat about what might help you stay on track.,Am văzut că ai sărit o noapte de monitorizare. Vrei să vedem ce te-ar putea ajuta să rămâi pe drumul cel bun?
r_FeedbackOnPoorCompliance,r_FeedbackOnPoorCompliance @ Poor Compliance,31,3,13,Poor Compliance,Prompt patient to prepare for nighttime monitoring / Feedback on compliance regarding nighttime monitoring,11,md-038#011,message,-,$needSupportMaterialOnCompliance,select one,👤 App/partner message to participant,0,no,,"If keeping up with nighttime asthma monitoring has been tough, I totally understand. Let’s find a solution together!","Dacă ți-a fost greu să ții monitorizarea noaptea, te înțeleg perfect. Hai să găsim împreună o soluție!"
r_FeedbackOnPoorCompliance,r_FeedbackOnPoorCompliance @ Poor Compliance,31,3,13,Poor Compliance,Prompt patient to prepare for nighttime monitoring / Feedback on compliance regarding nighttime monitoring,12,md-038#012,message,-,$needSupportMaterialOnCompliance,select one,👤 App/partner message to participant,0,no,,I noticed you’ve missed a night of asthma monitoring. I’m here to help—let’s work on getting back into the routine!,Am observat că ai uitat să pornești monitorizarea e timp de noapte. Nicio problemă – sunt aici să te ajut să revii la rutină!
r_FeedbackOnPoorCompliance,r_FeedbackOnPoorCompliance @ Poor Compliance,31,3,13,Poor Compliance,Prompt patient to prepare for nighttime monitoring / Feedback on compliance regarding nighttime monitoring,13,md-038#013,message,-,$needSupportMaterialOnCompliance,select one,👤 App/partner message to participant,0,no,,I noticed you’ve missed a few nights of nighttime asthma monitoring. I’m here to help—let’s work on getting back into the routine!,Se pare că ai sărit mai multe nopți de monitorizare. Sunt aici pentru tine – hai să reluăm rutina împreună!
r_QueryInterestInOutcomes,r_QueryInterestInOutcomes @ Medical feedback sleep quality,2,2,1,Medical feedback sleep quality,Prompt patient to prepare for nighttime monitoring,1,md-039#001,message,---,$interestInCurrentSleepQuality,select one,👤 App/partner message to participant,0,no,,Thanks for enabling nighttime asthma monitoring last night! 😴📲💗 Would you like to know more about the quality of your sleep last night?,Mulțumim că ai activat monitorizarea astmului azi-noapte! 😴📲💗 Vrei să vezi cum ai dormit?
r_StartSleepQualityReview,r_StartSleepQualityReview @ Medical feedback sleep quality,1,1,1,Medical feedback sleep quality,Prompt patient to prepare for nighttime monitoring,2,md-039#002,message,To be shown only if $interestInCurrentSleepQuality=2,$displayOfNighttimeMonitoringOutcomes,select one,👤 App/partner message to participant,1,no,$interestInCurrentSpyrometryOutcomes calculated value equals 2,Please tap when ready!,Apasă butonul când ești gata!
r_PostponeSleepQualityReview,r_PostponeSleepQualityReview @ Medical feedback sleep quality,1,1,1,Medical feedback sleep quality,Prompt patient to prepare for nighttime monitoring,3,md-039#003,message,To be shown only if $interestInCurrentSleepQuality=1,$timeToBeSetForSleepMonitoringOutcomesDisplay,select one,👤 App/partner message to participant,0,no,,When would you like to be reminded again?,Când vrei să-ți amintesc din nou?
r_InquireNewTimeForSleepMonitoringOutcomesReview,r_InquireNewTimeForSleepMonitoringOutcomesReview @ Medical feedback sleep quality,1,1,1,Medical feedback sleep quality,Prompt patient to prepare for nighttime monitoring,4,md-039#004,message,To be shown only if $timeToBeSetForSleepMonitoringOutcomesDisplay=4,$newTimeForDisplayingOutcomeOfSleepMonitoring,time,👤 App/partner message to participant,0,no,,Please enter the time at which you would like to review the outcomes of last night's asthma monitoring?,Introduce ora la care vrei să verifici cum ți-a mers monitorizarea astmului de noaptea trecută.
r_InstructionsOnHowToAccessSleepMonitoringOutcomes,r_InstructionsOnHowToAccessSleepMonitoringOutcomes @ Medical feedback sleep quality,1,1,1,Medical feedback sleep quality,Prompt patient to prepare for nighttime monitoring,5,md-039#005,message,To be shown only if $interestInCurrentSleepQuality=0,,expects NO answer,👤 App/partner message to participant,0,no,,Remember that you can always review the outcomes of your most recent nighttime asthma monitoring sessions by going to ....,Ține minte că poți oricând să verifici rezultatele celor mai recente sesiuni de monitorizare a astmului pe timp de noapte accesând ....
r_FeedbackOnGoodMedicationAdherence,r_FeedbackOnGoodMedicationAdherence @ Good Compliance,10,1,10,Good Compliance,Prompt patient to take controller medication / Feedback medication adherence,2,md-042#002,message,---,,expects NO answer,👤 App/partner message to participant,0,no,,Great job staying consistent with your inhaler! 🌟 You're really taking control of your asthma. 💪,Super tare că ai fost consecvent cu inhalatorul! 🌟 Ești pe drumul cel bun de avea astmul sub control. 💪
r_FeedbackOnGoodMedicationAdherence,r_FeedbackOnGoodMedicationAdherence @ Good Compliance,10,1,10,Good Compliance,Prompt patient to take controller medication / Feedback medication adherence,3,md-042#003,message,---,,expects NO answer,👤 App/partner message to participant,0,no,,Awesome work keeping up with your inhaler schedule! 🎯 Your dedication is paying off. 🙌,Bravo că ți-ai urmat programul de inhalare! 🎯 Se vede că îți pasă de sănătatea ta. 🙌
r_FeedbackOnGoodMedicationAdherence,r_FeedbackOnGoodMedicationAdherence @ Good Compliance,10,1,10,Good Compliance,Prompt patient to take controller medication / Feedback medication adherence,4,md-042#004,message,---,,expects NO answer,👤 App/partner message to participant,0,no,,You're doing amazing with your inhaler routine! 🏅 Keep it up—your lungs will thank you! 💨,"Te descurci grozav cu rutina ta de inhalare! 🏅 Ține-o tot așa, plămânii tăi îți mulțumesc! 💨"
r_FeedbackOnGoodMedicationAdherence,r_FeedbackOnGoodMedicationAdherence @ Good Compliance,10,1,10,Good Compliance,Prompt patient to take controller medication / Feedback medication adherence,5,md-042#005,message,---,,expects NO answer,👤 App/partner message to participant,0,no,,Fantastic work! 🎉 Sticking to your inhaler schedule is making a big difference. 🌈,Fantastic! 🎉 Faptul că îți iei medicamentele la timp face o diferență mare. 🌈
r_FeedbackOnGoodMedicationAdherence,r_FeedbackOnGoodMedicationAdherence @ Good Compliance,10,1,10,Good Compliance,Prompt patient to take controller medication / Feedback medication adherence,6,md-042#006,message,---,,expects NO answer,👤 App/partner message to participant,0,no,,Well done! 👏 You're doing such a great job staying on top of your meds. 🩺,Bravo ție! 👏 Faci o treabă grozavă păstrându-ți medicația sub control. 🩺
r_FeedbackOnGoodMedicationAdherence,r_FeedbackOnGoodMedicationAdherence @ Good Compliance,10,1,10,Good Compliance,Prompt patient to take controller medication / Feedback medication adherence,7,md-042#007,message,---,,expects NO answer,👤 App/partner message to participant,0,no,,"You're really rocking your inhaler routine! 🤘 Keep going, you're doing awesome! 🚀","Ești super cu rutina ta de inhalator! 🤘 Continuă așa, faci o treabă minunată! 🚀"
r_FeedbackOnGoodMedicationAdherence,r_FeedbackOnGoodMedicationAdherence @ Good Compliance,10,1,10,Good Compliance,Prompt patient to take controller medication / Feedback medication adherence,8,md-042#008,message,---,,expects NO answer,👤 App/partner message to participant,0,no,,Excellent job staying on track with your inhaler! 🏆 You're taking such great care of yourself. 💗,Bună treabă că ai rămas consecvent cu inhalatorul! 🏆 Ai grijă de tine – și asta contează mult. 💗
r_FeedbackOnGoodMedicationAdherence,r_FeedbackOnGoodMedicationAdherence @ Good Compliance,10,1,10,Good Compliance,Prompt patient to take controller medication / Feedback medication adherence,9,md-042#009,message,---,,expects NO answer,👤 App/partner message to participant,0,no,,You're doing an amazing job with your inhaler schedule! 🎖️ Keep up the great effort! 🌟,Faci o treabă excelentă cu inhalările tale! 🎖️ Continuă să fii atent și serios! 🌟
r_FeedbackOnGoodMedicationAdherence,r_FeedbackOnGoodMedicationAdherence @ Good Compliance,10,1,10,Good Compliance,Prompt patient to take controller medication / Feedback medication adherence,10,md-042#010,message,---,,expects NO answer,👤 App/partner message to participant,0,no,,Great consistency with your meds! 💊 You're doing everything right for your asthma. 👍,Ești foarte consecvent cu medicația ta! 💊 Asta ajută enorm la controlul astmului. 👍
r_FeedbackOnGoodMedicationAdherence,r_FeedbackOnGoodMedicationAdherence @ Good Compliance,10,1,10,Good Compliance,Prompt patient to take controller medication / Feedback medication adherence,11,md-042#011,message,---,,expects NO answer,👤 App/partner message to participant,0,no,,Incredible work! 💥 Sticking to your inhaler routine is a huge step in managing your asthma well. 👏,Super treabă! 💥 Faptul că respecți rutina e un pas important pentru tine și sănătatea ta. 👏
r_FeedbackOnPoorMedicationAdherence,r_FeedbackOnPoorMedicationAdherence @ One missed dose,10,2,5,One missed dose,Prompt patient to take controller medication / Feedback medication adherence / Poor Compliance,1,md-044#001,message,-,$needSupportMaterialOnMedicationAdherence,select one,👤 App/partner message to participant,0,no,,It looks like you've had some trouble sticking to your inhaler routine. That's okay! 😊 I'm here to help you stay consistent. 🌟,Se pare că ai avut ceva dificultăți cu rutina ta de inhalator. E okay! 😊 Sunt aici să te ajut să revii pe drumul cel bun. 🌟
r_FeedbackOnPoorMedicationAdherence,r_FeedbackOnPoorMedicationAdherence @ One missed dose,10,2,5,One missed dose,Prompt patient to take controller medication / Feedback medication adherence / Poor Compliance,2,md-044#002,message,-,$needSupportMaterialOnMedicationAdherence,select one,👤 App/partner message to participant,0,no,,Missing a dose happens! 👍 Let’s figure out a way to make it easier for you to remember your inhaler. 📅,Ai uitat o doză? Se mai întâmplă! 👍 Hai să găsim un drum ca să-ți amintești mai ușor. 📅
r_FeedbackOnPoorMedicationAdherence,r_FeedbackOnPoorMedicationAdherence @ One missed dose,10,2,5,One missed dose,Prompt patient to take controller medication / Feedback medication adherence / Poor Compliance,3,md-044#003,message,-,$needSupportMaterialOnMedicationAdherence,select one,👤 App/partner message to participant,0,no,,"Sometimes it's hard to keep up with the inhaler routine, and that's totally fine. 🌈 Let me know how I can help! 💬","Știu, uneori e greu să ții pasul cu rutina – și e super normal! 🌈 Spune-mi cum pot să te ajut! 💬"
r_FeedbackOnPoorMedicationAdherence,r_FeedbackOnPoorMedicationAdherence @ One missed dose,10,2,5,One missed dose,Prompt patient to take controller medication / Feedback medication adherence / Poor Compliance,4,md-044#004,message,-,$needSupportMaterialOnMedicationAdherence,select one,👤 App/partner message to participant,0,no,,It’s okay to forget sometimes! 😊 Let's think of some reminders to help you stick to your inhaler routine. ⏳,Nu-i nicio problemă dacă mai uiți uneori! 😊 Hai să facem câteva reamintiri care te pot ajuta să-ți menții rutina cu inhalatorul. ⏳
r_FeedbackOnPoorMedicationAdherence,r_FeedbackOnPoorMedicationAdherence @ One missed dose,10,2,5,One missed dose,Prompt patient to take controller medication / Feedback medication adherence / Poor Compliance,5,md-044#005,message,-,$needSupportMaterialOnMedicationAdherence,select one,👤 App/partner message to participant,0,no,,"Hey, it's okay if you’ve had trouble keeping up with your inhaler. 💨 Let’s find a way to make it a little easier for you! 🙌","Hei, dacă ai avut zile mai grele cu inhalatorul, e ok. 💨 Hai să găsim o variantă mai simplă pentru tine! 🙌"
r_FeedbackOnPoorMedicationAdherence,r_FeedbackOnPoorMedicationAdherence @ Several missed doses,10,2,5,Several missed doses,Prompt patient to take controller medication / Feedback medication adherence / Poor Compliance,1,md-045#001,message,-,$needSupportMaterialOnMedicationAdherence,select one,👤 App/partner message to participant,0,no,,"Hey, I noticed you missed a few doses of your inhaler. 😕 No worries, let's work together to get back on track! 💪","Hei, ai uitat câteva doze de inhalator. Nu-i bai, hai să lucrăm împreună să revii pe drumul cel bun! 💪"
r_FeedbackOnPoorMedicationAdherence,r_FeedbackOnPoorMedicationAdherence @ Several missed doses,10,2,5,Several missed doses,Prompt patient to take controller medication / Feedback medication adherence / Poor Compliance,2,md-045#002,message,-,$needSupportMaterialOnMedicationAdherence,select one,👤 App/partner message to participant,0,no,,Looks like there were a few gaps in your inhaler schedule. No problem! 💡 Let’s find a routine that works better for you. 💙,Se pare că ai sărit peste câteva doze. Nicio grijă! 💡Găsim o rutină mai simplă pentru tine! 💙
r_FeedbackOnPoorMedicationAdherence,r_FeedbackOnPoorMedicationAdherence @ Several missed doses,10,2,5,Several missed doses,Prompt patient to take controller medication / Feedback medication adherence / Poor Compliance,3,md-045#003,message,-,$needSupportMaterialOnMedicationAdherence,select one,👤 App/partner message to participant,0,no,,I see you’ve missed a few doses. It’s okay! 🤗 Let’s focus on getting back on track so your asthma stays well-controlled. 🚀,Văd că ai uitat câteva doze. Nu-ți face griji! 🤗 Hai să ne apucăm să reluăm tratamentul ca să ții astmul sub control! 🚀
r_FeedbackOnPoorMedicationAdherence,r_FeedbackOnPoorMedicationAdherence @ Several missed doses,10,2,5,Several missed doses,Prompt patient to take controller medication / Feedback medication adherence / Poor Compliance,4,md-045#004,message,-,$needSupportMaterialOnMedicationAdherence,select one,👤 App/partner message to participant,0,no,,Looks like you’ve missed some doses. Don’t worry! 🌻 Let’s work together to make your inhaler schedule easier to manage. ⏰,Se pare că ai pierdut câteva doze. Nu te îngrijora! 🌻 Hai să facem împreună programul de inhalare mai simplu de urmat. ⏰
r_FeedbackOnPoorMedicationAdherence,r_FeedbackOnPoorMedicationAdherence @ Several missed doses,10,2,5,Several missed doses,Prompt patient to take controller medication / Feedback medication adherence / Poor Compliance,5,md-045#005,message,-,$needSupportMaterialOnMedicationAdherence,select one,👤 App/partner message to participant,0,no,,I noticed you've missed a few inhaler doses. No stress! 😌 I'm here to support you in getting back on track. 🌟,Am observat că ai uitat să iei inhalatorul. Nu te stresa! 😌 Sunt aici să te ajut să revii pe drumul cel bun. 🌟
r_GoodByeAfterSuccessfullyInhalingMedication,r_GoodByeAfterSuccessfullyInhalingMedication @ Quit medication reminders dialog after successful inhalation,6,1,6,Quit medication reminders dialog after successful inhalation,Prompt patient to take controller medication,0,md-046#000,message,Quit medication reminders dialog after successful inhalation,,expects NO answer,👤 App/partner message to participant,0,no,,Good bye! 👋,La revedere! 👋
r_GoodByeAfterSuccessfullyInhalingMedication,r_GoodByeAfterSuccessfullyInhalingMedication @ Quit medication reminders dialog after successful inhalation,6,1,6,Quit medication reminders dialog after successful inhalation,Prompt patient to take controller medication,1,md-046#001,message,Quit medication reminders dialog after successful inhalation,,expects NO answer,👤 App/partner message to participant,0,no,,Have a fantastic day ahead!,Să ai o zi super faină!
r_GoodByeAfterSuccessfullyInhalingMedication,r_GoodByeAfterSuccessfullyInhalingMedication @ Quit medication reminders dialog after successful inhalation,6,1,6,Quit medication reminders dialog after successful inhalation,Prompt patient to take controller medication,2,md-046#002,message,Quit medication reminders dialog after successful inhalation,,expects NO answer,👤 App/partner message to participant,0,no,,Goodbye for now! 👋,Pe curând! 👋
r_GoodByeAfterSuccessfullyInhalingMedication,r_GoodByeAfterSuccessfullyInhalingMedication @ Quit medication reminders dialog after successful inhalation,6,1,6,Quit medication reminders dialog after successful inhalation,Prompt patient to take controller medication,3,md-046#003,message,Quit medication reminders dialog after successful inhalation,,expects NO answer,👤 App/partner message to participant,0,no,,Have a nice day! 🙋,Să ai o zi plină de zâmbete! 🙋
r_GoodByeAfterSuccessfullyInhalingMedication,r_GoodByeAfterSuccessfullyInhalingMedication @ Quit medication reminders dialog after successful inhalation,6,1,6,Quit medication reminders dialog after successful inhalation,Prompt patient to take controller medication,4,md-046#004,message,Quit medication reminders dialog after successful inhalation,,expects NO answer,👤 App/partner message to participant,0,no,,Have a nice day! 🙋‍♂️,Să ai o zi grozavă! 🙋‍♂️
r_GoodByeAfterSuccessfullyInhalingMedication,r_GoodByeAfterSuccessfullyInhalingMedication @ Quit medication reminders dialog after successful inhalation,6,1,6,Quit medication reminders dialog after successful inhalation,Prompt patient to take controller medication,5,md-046#005,message,Quit medication reminders dialog after successful inhalation,,expects NO answer,👤 App/partner message to participant,0,no,,See you later! 👋,Ne vedem în curând! 👋
r_PromptForInhalingMedication_Stage0,r_PromptForInhalingMedication_Stage0 @ Prompt patient to take first dose of controller medication,3,3,1,Prompt patient to take first dose of controller medication,Prompt patient to take controller medication,5,md-047#005,message,To be sent if inhaler sensor data indicates that one medication inhalation has alredy been conducted,$myFirstMedication_DoseRelease,select one,👤 App/partner message to participant,2,no,$claidNumberOfInhalationsCompleted calculated value is bigger or equal than 1 ; $medicationNumberOfRegularRemindersIssued calculated value equals 0,It seems like you already had your first puff of controller medication today. Is that correct?,Se pare că ai luat deja prima doză din medicamentul de control astăzi. Este corect?
r_PromptForInhalingMedication_Stage1_Push,r_PromptForInhalingMedication_Stage1_Push @ Prompt patient to take first dose of controller medication,24,3,8,Prompt patient to take first dose of controller medication,Prompt patient to take controller medication,8,md-047#008,message,Sent as push notification; Contingent on inhaler sensor data.,,expects NO answer,👤 App/partner message to participant,0,no,,🌟 Quick reminder: It's inhaler time! Let's keep those lungs happy and ready for all your adventures! 😊,🌟 Hei! E timpul pentru inhalator! Hai să ne păstrăm plămânii fericiți și pregătiți de aventură! 😊
r_PromptForInhalingMedication_Stage1_Push,r_PromptForInhalingMedication_Stage1_Push @ Prompt patient to take first dose of controller medication,24,3,8,Prompt patient to take first dose of controller medication,Prompt patient to take controller medication,9,md-047#009,message,Sent as push notification; Contingent on inhaler sensor data.,,expects NO answer,👤 App/partner message to participant,0,no,,"""⏰ Inhaler check! A small step for you, a big win for your lungs. Take it now and keep breathing easy!",⏰ Nu uita de inhalator! Un puf mic și plămânii tăi sunt gata de acțiune. Ia-l acum și continuă să respiri ușor!
r_PromptForInhalingMedication_Stage1_Push,r_PromptForInhalingMedication_Stage1_Push @ Prompt patient to take first dose of controller medication,24,3,8,Prompt patient to take first dose of controller medication,Prompt patient to take controller medication,10,md-047#010,message,Sent as push notification; Contingent on inhaler sensor data.,,expects NO answer,👤 App/partner message to participant,0,no,,Friendly reminder: Inhaler time! 🕒 Keep up the great work and breathe easy! 😌,"Hei, e timpul pentru inhalator! 🕒 Ține-o tot așa și respiră ușor! 😌"
r_PromptForInhalingMedication_Stage1_Push,r_PromptForInhalingMedication_Stage1_Push @ Prompt patient to take first dose of controller medication,24,3,8,Prompt patient to take first dose of controller medication,Prompt patient to take controller medication,11,md-047#011,message,Sent as push notification; Contingent on inhaler sensor data.,,expects NO answer,👤 App/partner message to participant,0,no,,Quick check-in: Have you used your inhaler today? 🌞 Let's keep those airways clear! ✨,O verificare rapidă: ai folosit inhalatorul azi? 🌞 Hai să păstrăm căile respiratorii libere! ✨
r_PromptForInhalingMedication_Stage1_Push,r_PromptForInhalingMedication_Stage1_Push @ Prompt patient to take first dose of controller medication,24,3,8,Prompt patient to take first dose of controller medication,Prompt patient to take controller medication,12,md-047#012,message,Sent as push notification; Contingent on inhaler sensor data.,,expects NO answer,👤 App/partner message to participant,0,no,,✨ Inhaler moment! Just a quick puff to keep everything under control. You're a pro at this! 🦸‍♂️🦸‍♀️,✨ E momentul pentru inhalator! Un puf rapid și totul e sub control. Ești super la asta! 🦸‍♂️🦸‍♀️
r_PromptForInhalingMedication_Stage1_Push,r_PromptForInhalingMedication_Stage1_Push @ Prompt patient to take first dose of controller medication,24,3,8,Prompt patient to take first dose of controller medication,Prompt patient to take controller medication,13,md-047#013,message,Sent as push notification; Contingent on inhaler sensor data.,,expects NO answer,👤 App/partner message to participant,0,no,,🌈 Inhaler time! Keep up the great work and make this a routine. You're on the right track to feeling awesome! 🎉,🌈 A venit timpul pentru inhalator! Ține-o tot așa și fă din asta o rutină. Te vei simți grozav! 🎉
r_PromptForInhalingMedication_Stage1_Push,r_PromptForInhalingMedication_Stage1_Push @ Prompt patient to take first dose of controller medication,24,3,8,Prompt patient to take first dose of controller medication,Prompt patient to take controller medication,14,md-047#014,message,Sent as push notification; Contingent on inhaler sensor data.,,expects NO answer,👤 App/partner message to participant,0,no,,🌿 Quick reminder: It's time for your inhaler. Let's keep those lungs in top shape for all the fun ahead! 🌟,🌿 O mică reamintire: e timpul să folosești inhalatorul. Hai să-ți păstrăm plămânii în formă pentru toată distracția care ne așteaptă! 🌟
r_PromptForInhalingMedication_Stage1_Push,r_PromptForInhalingMedication_Stage1_Push @ Prompt patient to take first dose of controller medication,24,3,8,Prompt patient to take first dose of controller medication,Prompt patient to take controller medication,15,md-047#015,message,Sent as push notification; Contingent on inhaler sensor data.,,expects NO answer,👤 App/partner message to participant,0,no,,Hi $participantName! Time for your inhaler. Every puff counts towards a healthier you! 🌟,"Bună, $participantName! E timpul pentru inhalatorul tău. Fiecare puf te ajută să fii mai sănătos! 🌟"
r_PromptForInhalingMedication_Stage2,r_PromptForInhalingMedication_Stage2 @ Prompt patient to take first dose of controller medication,3,3,1,Prompt patient to take first dose of controller medication,Prompt patient to take controller medication,18,md-047#018,message,Contingent on inhaler sensor data,$myFirstMedication_readinessForInhalingControllerMedication,select one,👤 App/partner message to participant,0,no,,Is this a good time point to inhale your controller medication?,Este momentul potrivit să folosești inhalatorul cu medicamentul tău de control?
r_PromptForInhalingMedication_Stage3,r_PromptForInhalingMedication_Stage3 @ Prompt patient to take first dose of controller medication,3,3,1,Prompt patient to take first dose of controller medication,Prompt patient to take controller medication,20,md-047#020,message,To be shown if $myFirstMedication_readinessForInhalingControllerMedication=1,$myFirstMedication_inhalerWithinReach,select one,👤 App/partner message to participant,1,no,$myFirstMedication_readinessForInhalingControllerMedication calculated value equals 1,Do you have your controller medication inhaler handy?,Ai inhalatorul de control aproape de tine?
r_StartInhalation,r_StartInhalation @ Prompt patient to take first dose of controller medication,3,3,1,Prompt patient to take first dose of controller medication,Prompt patient to take controller medication,22,md-047#022,message,To be shown if $myFirstMedication_readinessForInhalingControllerMedication=1 and $myFirstMedication_inhalerWithinReach=1,$myFirstMedication_inhalationStart,select one,👤 App/partner message to participant,2,no,$myFirstMedication_readinessForInhalingControllerMedication calculated value equals 1 ; $myFirstMedication_inhalerWithinReach calculated value equals 1,Please tap when ready!,Apasă butonul când ești gata!
r_PostponeInhalation,r_PostponeInhalation @ Prompt patient to take first dose of controller medication,9,3,1,Prompt patient to take first dose of controller medication,Prompt patient to take controller medication,29,md-047#029,message,To be shown if $myFirstMedication_readinessForInhalingControllerMedication not equal to 1,$myFirstMedication_timeDelayForInhalation,select one,👤 App/partner message to participant,3,no,$myFirstMedication_timeDelayForInhalation calculated value equals -99 ; $myFirstMedication_readinessForInhalingControllerMedication calculated value not equals 1 ; $myFirstMedication_newTimeForFirstMedication text value equals -99,When would you like to be reminded again?,Când ai vrea să-ți mai amintim din nou?
r_PostponeInhalation,r_PostponeInhalation @ Prompt patient to take first dose of controller medication,9,3,1,Prompt patient to take first dose of controller medication,Prompt patient to take controller medication,30,md-047#030,message,To be shown if $myFirstMedication_inhalerWithinReach not equal to 1,$myFirstMedication_timeDelayForInhalation,select one,👤 App/partner message to participant,3,no,$myFirstMedication_timeDelayForInhalation calculated value equals -99 ; $myFirstMedication_inhalerWithinReach calculated value not equals 1 ; $myFirstMedication_newTimeForFirstMedication text value equals -99,When would you like to be reminded again?,Când ai vrea să-ți mai amintim din nou?
r_PostponeInhalation,r_PostponeInhalation @ Prompt patient to take first dose of controller medication,9,3,1,Prompt patient to take first dose of controller medication,Prompt patient to take controller medication,31,md-047#031,message,To be shown if $myFirstMedication_inhalationStart not equal to 1,$myFirstMedication_timeDelayForInhalation,select one,👤 App/partner message to participant,3,no,$myFirstMedication_timeDelayForInhalation calculated value equals -99 ; $myFirstMedication_inhalationStart calculated value not equals 1 ; $myFirstMedication_newTimeForFirstMedication text value equals -99,When would you like to be reminded again?,Când ai vrea să-ți mai amintim din nou?
r_PostponeACQ,r_PostponeACQ @ Prompt patient to take first dose of controller medication,8,4,1,Prompt patient to take first dose of controller medication,Prompt patient to take controller medication,34,md-047#034,message,"Ask user to enter precise new time, if user wishes to",$myFirstMedication_newTimeForFirstMedication,time,👤 App/partner message to participant,2,no,$myFirstMedication_newTimeForFirstMedication text value equals -99 ; $myFirstMedication_timeDelayForInhalation calculated value equals 4,When would you like to be reminded again?,Când vrei să primești următoarea reamintire?
r_PromptForInhalingMedication_Stage0,r_PromptForInhalingMedication_Stage0 @ Prompt patient to take second dose of controller medication,3,3,1,Prompt patient to take second dose of controller medication,Prompt patient to take controller medication,5,md-048#005,message,To be sent if inhaler sensor data indicates that two medication inhalations have already been conducted,$mySecondMedication_DoseRelease,select one,👤 App/partner message to participant,2,no,$claidNumberOfInhalationsCompleted calculated value is bigger or equal than 2 ; $medicationNumberOfRegularRemindersIssued calculated value equals 0,It seems like you already had your first and second puff of controller medication today. Is that correct?,Se pare că ați luat deja prima și a doua doză din medicamentul de control astăzi. Este corect?
r_PromptForInhalingMedication_Stage1_Push,r_PromptForInhalingMedication_Stage1_Push @ Prompt patient to take second dose of controller medication,24,3,8,Prompt patient to take second dose of controller medication,Prompt patient to take controller medication,8,md-048#008,message,Sent as push notification; Contingent on inhaler sensor data.,,expects NO answer,👤 App/partner message to participant,0,no,,🌟 Quick reminder: It's inhaler time! Let's keep those lungs happy and ready for all your adventures! 😊,🌟 Hei! E timpul pentru inhalator! Hai să ne păstrăm plămânii fericiți și pregătiți de aventură! 😊
r_PromptForInhalingMedication_Stage1_Push,r_PromptForInhalingMedication_Stage1_Push @ Prompt patient to take second dose of controller medication,24,3,8,Prompt patient to take second dose of controller medication,Prompt patient to take controller medication,9,md-048#009,message,Sent as push notification; Contingent on inhaler sensor data.,,expects NO answer,👤 App/partner message to participant,0,no,,"""⏰ Inhaler check! A small step for you, a big win for your lungs. Take it now and keep breathing easy!",⏰ Nu uita de inhalator! Un puf mic și plămânii tăi sunt gata de acțiune. Ia-l acum și continuă să respiri ușor!
r_PromptForInhalingMedication_Stage1_Push,r_PromptForInhalingMedication_Stage1_Push @ Prompt patient to take second dose of controller medication,24,3,8,Prompt patient to take second dose of controller medication,Prompt patient to take controller medication,10,md-048#010,message,Sent as push notification; Contingent on inhaler sensor data.,,expects NO answer,👤 App/partner message to participant,0,no,,Friendly reminder: Inhaler time! 🕒 Keep up the great work and breathe easy! 😌,"Hei, e timpul pentru inhalator! 🕒 Ține-o tot așa și respiră ușor! 😌"
r_PromptForInhalingMedication_Stage1_Push,r_PromptForInhalingMedication_Stage1_Push @ Prompt patient to take second dose of controller medication,24,3,8,Prompt patient to take second dose of controller medication,Prompt patient to take controller medication,11,md-048#011,message,Sent as push notification; Contingent on inhaler sensor data.,,expects NO answer,👤 App/partner message to participant,0,no,,Quick check-in: Have you used your inhaler today? 🌞 Let's keep those airways clear! ✨,O verificare rapidă: ai folosit inhalatorul azi? 🌞 Hai să păstrăm căile respiratorii libere! ✨
r_PromptForInhalingMedication_Stage1_Push,r_PromptForInhalingMedication_Stage1_Push @ Prompt patient to take second dose of controller medication,24,3,8,Prompt patient to take second dose of controller medication,Prompt patient to take controller medication,12,md-048#012,message,Sent as push notification; Contingent on inhaler sensor data.,,expects NO answer,👤 App/partner message to participant,0,no,,✨ Inhaler moment! Just a quick puff to keep everything under control. You're a pro at this! 🦸‍♂️🦸‍♀️,✨ E momentul pentru inhalator! Un puf rapid și totul e sub control. Ești super la asta! 🦸‍♂️🦸‍♀️
r_PromptForInhalingMedication_Stage1_Push,r_PromptForInhalingMedication_Stage1_Push @ Prompt patient to take second dose of controller medication,24,3,8,Prompt patient to take second dose of controller medication,Prompt patient to take controller medication,13,md-048#013,message,Sent as push notification; Contingent on inhaler sensor data.,,expects NO answer,👤 App/partner message to participant,0,no,,🌈 Inhaler time! Keep up the great work and make this a routine. You're on the right track to feeling awesome! 🎉,🌈 A venit timpul pentru inhalator! Ține-o tot așa și fă din asta o rutină. Te vei simți grozav! 🎉
r_PromptForInhalingMedication_Stage1_Push,r_PromptForInhalingMedication_Stage1_Push @ Prompt patient to take second dose of controller medication,24,3,8,Prompt patient to take second dose of controller medication,Prompt patient to take controller medication,14,md-048#014,message,Sent as push notification; Contingent on inhaler sensor data.,,expects NO answer,👤 App/partner message to participant,0,no,,🌿 Quick reminder: It's time for your inhaler. Let's keep those lungs in top shape for all the fun ahead! 🌟,🌿 O mică reamintire: e timpul să folosești inhalatorul. Hai să-ți păstrăm plămânii în formă pentru toată distracția care ne așteaptă! 🌟
r_PromptForInhalingMedication_Stage1_Push,r_PromptForInhalingMedication_Stage1_Push @ Prompt patient to take second dose of controller medication,24,3,8,Prompt patient to take second dose of controller medication,Prompt patient to take controller medication,15,md-048#015,message,Sent as push notification; Contingent on inhaler sensor data.,,expects NO answer,👤 App/partner message to participant,0,no,,Hi $participantName! Time for your inhaler. Every puff counts towards a healthier you! 🌟,"Bună, $participantName! E timpul pentru inhalatorul tău. Fiecare puf te ajută să fii mai sănătos! 🌟"
r_PromptForInhalingMedication_Stage2,r_PromptForInhalingMedication_Stage2 @ Prompt patient to take second dose of controller medication,3,3,1,Prompt patient to take second dose of controller medication,Prompt patient to take controller medication,18,md-048#018,message,Contingent on inhaler sensor data,$mySecondMedication_readinessForInhalingControllerMedication,select one,👤 App/partner message to participant,0,no,,Is this a good time point to inhale your controller medication?,Este momentul potrivit să folosești inhalatorul cu medicamentul tău de control?
r_PromptForInhalingMedication_Stage3,r_PromptForInhalingMedication_Stage3 @ Prompt patient to take second dose of controller medication,3,3,1,Prompt patient to take second dose of controller medication,Prompt patient to take controller medication,20,md-048#020,message,To be shown if $mySecondMedication_readinessForInhalingControllerMedication=1,$mySecondMedication_inhalerWithinReach,select one,👤 App/partner message to participant,1,no,$mySecondMedication_readinessForInhalingControllerMedication calculated value equals 1,Do you have your controller medication inhaler handy?,Ai inhalatorul de control aproape de tine?
r_StartInhalation,r_StartInhalation @ Prompt patient to take second dose of controller medication,3,3,1,Prompt patient to take second dose of controller medication,Prompt patient to take controller medication,22,md-048#022,message,To be shown if $mySecondMedication_readinessForInhalingControllerMedication=1 and $mySecondMedication_inhalerWithinReach=1,$mySecondMedication_inhalationStart,select one,👤 App/partner message to participant,2,no,$mySecondMedication_readinessForInhalingControllerMedication calculated value equals 1 ; $mySecondMedication_inhalerWithinReach calculated value equals 1,Please tap when ready!,Apasă butonul când ești gata!
r_PostponeInhalation,r_PostponeInhalation @ Prompt patient to take second dose of controller medication,9,3,1,Prompt patient to take second dose of controller medication,Prompt patient to take controller medication,29,md-048#029,message,To be shown if $mySecondMedication_readinessForInhalingControllerMedication not equal to 1,$mySecondMedication_timeDelayForInhalation,select one,👤 App/partner message to participant,3,no,$mySecondMedication_timeDelayForInhalation calculated value equals -99 ; $mySecondMedication_readinessForInhalingControllerMedication calculated value not equals 1 ; $mySecondMedication_newTimeForSecondMedication text value equals -99,When would you like to be reminded again?,Când ai vrea să-ți mai amintim din nou?
r_PostponeInhalation,r_PostponeInhalation @ Prompt patient to take second dose of controller medication,9,3,1,Prompt patient to take second dose of controller medication,Prompt patient to take controller medication,30,md-048#030,message,To be shown if $mySecondMedication_inhalerWithinReach not equal to 1,$mySecondMedication_timeDelayForInhalation,select one,👤 App/partner message to participant,3,no,$mySecondMedication_timeDelayForInhalation calculated value equals -99 ; $mySecondMedication_inhalerWithinReach calculated value not equals 1 ; $mySecondMedication_newTimeForSecondMedication text value equals -99,When would you like to be reminded again?,Când ai vrea să-ți mai amintim din nou?
r_PostponeInhalation,r_PostponeInhalation @ Prompt patient to take second dose of controller medication,9,3,1,Prompt patient to take second dose of controller medication,Prompt patient to take controller medication,31,md-048#031,message,To be shown if $mySecondMedication_inhalationStart not equal to 1,$mySecondMedication_timeDelayForInhalation,select one,👤 App/partner message to participant,3,no,$mySecondMedication_timeDelayForInhalation calculated value equals -99 ; $mySecondMedication_inhalationStart calculated value not equals 1 ; $mySecondMedication_newTimeForSecondMedication text value equals -99,When would you like to be reminded again?,Când ai vrea să-ți mai amintim din nou?
r_PostponeACQ,r_PostponeACQ @ Prompt patient to take second dose of controller medication,8,4,1,Prompt patient to take second dose of controller medication,Prompt patient to take controller medication,34,md-048#034,message,"Ask user to enter precise new time, if user wishes to",$mySecondMedication_newTimeForSecondMedication,time,👤 App/partner message to participant,2,no,$mySecondMedication_newTimeForSecondMedication text value equals -99 ; $mySecondMedication_timeDelayForInhalation  calculated value equals 4,When would you like to be reminded again?,Când vrei să primești următoarea reamintire?
r_PromptForInhalingMedication_Stage0,r_PromptForInhalingMedication_Stage0 @ Prompt patient to take third dose of controller medication,3,3,1,Prompt patient to take third dose of controller medication,Prompt patient to take controller medication,5,md-049#005,message,To be sent if inhaler sensor data indicates that three medication inhalations have already been conducted,$myThirdMedication_DoseRelease,select one,👤 App/partner message to participant,2,no,$claidNumberOfInhalationsCompleted calculated value is bigger or equal than 3 ; $medicationNumberOfRegularRemindersIssued calculated value equals 0,"It seems like you already had your first, second and third puff of controller medication today. Is that correct?","Se pare că ați luat deja prima, a doua și a treia doză din medicamentul de control astăzi. Este corect?"
r_PromptForInhalingMedication_Stage1_Push,r_PromptForInhalingMedication_Stage1_Push @ Prompt patient to take third dose of controller medication,24,3,8,Prompt patient to take third dose of controller medication,Prompt patient to take controller medication,8,md-049#008,message,Sent as push notification; Contingent on inhaler sensor data.,,expects NO answer,👤 App/partner message to participant,0,no,,🌟 Quick reminder: It's inhaler time! Let's keep those lungs happy and ready for all your adventures! 😊,🌟 Hei! E timpul pentru inhalator! Hai să ne păstrăm plămânii fericiți și pregătiți de aventură! 😊
r_PromptForInhalingMedication_Stage1_Push,r_PromptForInhalingMedication_Stage1_Push @ Prompt patient to take third dose of controller medication,24,3,8,Prompt patient to take third dose of controller medication,Prompt patient to take controller medication,9,md-049#009,message,Sent as push notification; Contingent on inhaler sensor data.,,expects NO answer,👤 App/partner message to participant,0,no,,"""⏰ Inhaler check! A small step for you, a big win for your lungs. Take it now and keep breathing easy!",⏰ Nu uita de inhalator! Un puf mic și plămânii tăi sunt gata de acțiune. Ia-l acum și continuă să respiri ușor!
r_PromptForInhalingMedication_Stage1_Push,r_PromptForInhalingMedication_Stage1_Push @ Prompt patient to take third dose of controller medication,24,3,8,Prompt patient to take third dose of controller medication,Prompt patient to take controller medication,10,md-049#010,message,Sent as push notification; Contingent on inhaler sensor data.,,expects NO answer,👤 App/partner message to participant,0,no,,Friendly reminder: Inhaler time! 🕒 Keep up the great work and breathe easy! 😌,"Hei, e timpul pentru inhalator! 🕒 Ține-o tot așa și respiră ușor! 😌"
r_PromptForInhalingMedication_Stage1_Push,r_PromptForInhalingMedication_Stage1_Push @ Prompt patient to take third dose of controller medication,24,3,8,Prompt patient to take third dose of controller medication,Prompt patient to take controller medication,11,md-049#011,message,Sent as push notification; Contingent on inhaler sensor data.,,expects NO answer,👤 App/partner message to participant,0,no,,Quick check-in: Have you used your inhaler today? 🌞 Let's keep those airways clear! ✨,O verificare rapidă: ai folosit inhalatorul azi? 🌞 Hai să păstrăm căile respiratorii libere! ✨
r_PromptForInhalingMedication_Stage1_Push,r_PromptForInhalingMedication_Stage1_Push @ Prompt patient to take third dose of controller medication,24,3,8,Prompt patient to take third dose of controller medication,Prompt patient to take controller medication,12,md-049#012,message,Sent as push notification; Contingent on inhaler sensor data.,,expects NO answer,👤 App/partner message to participant,0,no,,✨ Inhaler moment! Just a quick puff to keep everything under control. You're a pro at this! 🦸‍♂️🦸‍♀️,✨ E momentul pentru inhalator! Un puf rapid și totul e sub control. Ești super la asta! 🦸‍♂️🦸‍♀️
r_PromptForInhalingMedication_Stage1_Push,r_PromptForInhalingMedication_Stage1_Push @ Prompt patient to take third dose of controller medication,24,3,8,Prompt patient to take third dose of controller medication,Prompt patient to take controller medication,13,md-049#013,message,Sent as push notification; Contingent on inhaler sensor data.,,expects NO answer,👤 App/partner message to participant,0,no,,🌈 Inhaler time! Keep up the great work and make this a routine. You're on the right track to feeling awesome! 🎉,🌈 A venit timpul pentru inhalator! Ține-o tot așa și fă din asta o rutină. Te vei simți grozav! 🎉
r_PromptForInhalingMedication_Stage1_Push,r_PromptForInhalingMedication_Stage1_Push @ Prompt patient to take third dose of controller medication,24,3,8,Prompt patient to take third dose of controller medication,Prompt patient to take controller medication,14,md-049#014,message,Sent as push notification; Contingent on inhaler sensor data.,,expects NO answer,👤 App/partner message to participant,0,no,,🌿 Quick reminder: It's time for your inhaler. Let's keep those lungs in top shape for all the fun ahead! 🌟,🌿 O mică reamintire: e timpul să folosești inhalatorul. Hai să-ți păstrăm plămânii în formă pentru toată distracția care ne așteaptă! 🌟
r_PromptForInhalingMedication_Stage1_Push,r_PromptForInhalingMedication_Stage1_Push @ Prompt patient to take third dose of controller medication,24,3,8,Prompt patient to take third dose of controller medication,Prompt patient to take controller medication,15,md-049#015,message,Sent as push notification; Contingent on inhaler sensor data.,,expects NO answer,👤 App/partner message to participant,0,no,,Hi $participantName! Time for your inhaler. Every puff counts towards a healthier you! 🌟,"Bună, $participantName! E timpul pentru inhalatorul tău. Fiecare puf te ajută să fii mai sănătos! 🌟"
r_PromptForInhalingMedication_Stage2,r_PromptForInhalingMedication_Stage2 @ Prompt patient to take third dose of controller medication,3,3,1,Prompt patient to take third dose of controller medication,Prompt patient to take controller medication,18,md-049#018,message,Contingent on inhaler sensor data,$myThirdMedication_readinessForInhalingControllerMedication,select one,👤 App/partner message to participant,0,no,,Is this a good time point to inhale your controller medication?,Este momentul potrivit să folosești inhalatorul cu medicamentul tău de control?
r_PromptForInhalingMedication_Stage3,r_PromptForInhalingMedication_Stage3 @ Prompt patient to take third dose of controller medication,3,3,1,Prompt patient to take third dose of controller medication,Prompt patient to take controller medication,20,md-049#020,message,To be shown if $myThirdMedication_readinessForInhalingControllerMedication=1,$myThirdMedication_inhalerWithinReach,select one,👤 App/partner message to participant,1,no,$myThirdMedication_readinessForInhalingControllerMedication calculated value equals 1,Do you have your controller medication inhaler handy?,Ai inhalatorul de control aproape de tine?
r_StartInhalation,r_StartInhalation @ Prompt patient to take third dose of controller medication,3,3,1,Prompt patient to take third dose of controller medication,Prompt patient to take controller medication,22,md-049#022,message,To be shown if $myThirdMedication_readinessForInhalingControllerMedication=1 and $myThirdMedication_inhalerWithinReach=1,$myThirdMedication_inhalationStart,select one,👤 App/partner message to participant,2,no,$myThirdMedication_readinessForInhalingControllerMedication calculated value equals 1 ; $myThirdMedication_inhalerWithinReach calculated value equals 1,Please tap when ready!,Apasă butonul când ești gata!
r_PostponeInhalation,r_PostponeInhalation @ Prompt patient to take third dose of controller medication,9,3,1,Prompt patient to take third dose of controller medication,Prompt patient to take controller medication,29,md-049#029,message,To be shown if $myThirdMedication_readinessForInhalingControllerMedication not equal to 1,$myThirdMedication_timeDelayForInhalation,select one,👤 App/partner message to participant,3,no,$myThirdMedication_timeDelayForInhalation calculated value equals -99 ; $myThirdMedication_readinessForInhalingControllerMedication calculated value not equals 1 ; $myThirdMedication_newTimeForThirdMedication text value equals -99,When would you like to be reminded again?,Când ai vrea să-ți mai amintim din nou?
r_PostponeInhalation,r_PostponeInhalation @ Prompt patient to take third dose of controller medication,9,3,1,Prompt patient to take third dose of controller medication,Prompt patient to take controller medication,30,md-049#030,message,To be shown if $myThirdMedication_inhalerWithinReach not equal to 1,$myThirdMedication_timeDelayForInhalation,select one,👤 App/partner message to participant,3,no,$myThirdMedication_timeDelayForInhalation calculated value equals -99 ; $myThirdMedication_inhalerWithinReach calculated value not equals 1 ; $myThirdMedication_newTimeForThirdMedication text value equals -99,When would you like to be reminded again?,Când ai vrea să-ți mai amintim din nou?
r_PostponeInhalation,r_PostponeInhalation @ Prompt patient to take third dose of controller medication,9,3,1,Prompt patient to take third dose of controller medication,Prompt patient to take controller medication,31,md-049#031,message,To be shown if $myThirdMedication_inhalationStart not equal to 1,$myThirdMedication_timeDelayForInhalation,select one,👤 App/partner message to participant,3,no,$myThirdMedication_timeDelayForInhalation calculated value equals -99 ; $myThirdMedication_inhalationStart calculated value not equals 1 ; $myThirdMedication_newTimeForThirdMedication text value equals -99,When would you like to be reminded again?,Când ai vrea să-ți mai amintim din nou?
r_PostponeACQ,r_PostponeACQ @ Prompt patient to take third dose of controller medication,8,4,1,Prompt patient to take third dose of controller medication,Prompt patient to take controller medication,34,md-049#034,message,"Ask user to enter precise new time, if user wishes to",$myThirdMedication_newTimeForThirdMedication,time,👤 App/partner message to participant,2,no,$myThirdMedication_newTimeForThirdMedication text value equals -99 ; $myThirdMedication_timeDelayForInhalation  calculated value equals 4,When would you like to be reminded again?,Când vrei să primești următoarea reamintire?
r_PromptForACQ_Stage1_Push,r_PromptForACQ_Stage1_Push @ Prompt patient to answer questions of the ACQ,10,1,10,Prompt patient to answer questions of the ACQ,,4,md-050#004,message,Sent as push notification,,expects NO answer,👤 App/partner message to participant,0,no,,Hey there! ⏰ It's time to check in on your asthma with the questionnaire. Let’s see how you're doing! 💨,Hei! ⏰ E timpul să faci un mic bilanț al astmului cu ajutorul chestionarului. Hai să vedem cum te descurci! 💨
r_PromptForACQ_Stage1_Push,r_PromptForACQ_Stage1_Push @ Prompt patient to answer questions of the ACQ,10,1,10,Prompt patient to answer questions of the ACQ,,5,md-050#005,message,Sent as push notification,,expects NO answer,👤 App/partner message to participant,0,no,,Reminder: it's time for your asthma test! 📝 Just a few questions to help keep your asthma under control. 💙,Reamintire: e momentul testului de astm! 📝 Doar câteva întrebări care te ajută să-ți ții astmul sub control. 💙
r_PromptForACQ_Stage1_Push,r_PromptForACQ_Stage1_Push @ Prompt patient to answer questions of the ACQ,10,1,10,Prompt patient to answer questions of the ACQ,,6,md-050#006,message,Sent as push notification,,expects NO answer,👤 App/partner message to participant,0,no,,Don't forget! 🎯 It's time to fill out your asthma questionnaire so we can see how things are going! 🌟,Nu uita! 🎯 Completează chestionarul de astm ca să vedem cum merge totul! 🌟
r_PromptForACQ_Stage1_Push,r_PromptForACQ_Stage1_Push @ Prompt patient to answer questions of the ACQ,10,1,10,Prompt patient to answer questions of the ACQ,,7,md-050#007,message,Sent as push notification,,expects NO answer,👤 App/partner message to participant,0,no,,Quick check-in time! 😊 Fill out your asthma control test today to keep track of your progress. 🚀,E timpul pentru un control rapid! 😊 Completează azi testul ca să urmărești progresul. 🚀
r_PromptForACQ_Stage1_Push,r_PromptForACQ_Stage1_Push @ Prompt patient to answer questions of the ACQ,10,1,10,Prompt patient to answer questions of the ACQ,,8,md-050#008,message,Sent as push notification,,expects NO answer,👤 App/partner message to participant,0,no,,"Hey, it's time for your asthma control quiz! 📋 Let’s make sure everything is in check. You got this! 💪","Hei, e momentul testului tău de control al astmului! 📋 Hai să ne asigurăm că totul e bine. Tu poți! 💪"
r_PromptForACQ_Stage1_Push,r_PromptForACQ_Stage1_Push @ Prompt patient to answer questions of the ACQ,10,1,10,Prompt patient to answer questions of the ACQ,,9,md-050#009,message,Sent as push notification,,expects NO answer,👤 App/partner message to participant,0,no,,Time to fill out your asthma questionnaire! 📝 It's a great way to see how well you're managing. Keep up the awesome work! 🙌,E timpul să completezi chestionarul despre astm! 📝 E o metodă grozavă să vezi cât de bine te descurci. Continuă așa! 🙌
r_PromptForACQ_Stage1_Push,r_PromptForACQ_Stage1_Push @ Prompt patient to answer questions of the ACQ,10,1,10,Prompt patient to answer questions of the ACQ,,10,md-050#010,message,Sent as push notification,,expects NO answer,👤 App/partner message to participant,0,no,,Friendly reminder: it’s time to complete your asthma control test! 🎯 Let's keep things running smoothly! 💨,O reamnitire prietenoasă: e timpul pentru testul de control al astmului! 🎯 Hai să vedem că totul merge bine! 💨
r_PromptForACQ_Stage1_Push,r_PromptForACQ_Stage1_Push @ Prompt patient to answer questions of the ACQ,10,1,10,Prompt patient to answer questions of the ACQ,,11,md-050#011,message,Sent as push notification,,expects NO answer,👤 App/partner message to participant,0,no,,Let’s take a moment to fill out your asthma test today! 🌈 It’s a great way to stay on top of your health. 🩺,"Hai să ne luăm un moment ca să completăm testul de astm azi! 🌈E un pas simplu, dar important, pentru a-ți ține sănătatea sub control. 🩺"
r_PromptForACQ_Stage1_Push,r_PromptForACQ_Stage1_Push @ Prompt patient to answer questions of the ACQ,10,1,10,Prompt patient to answer questions of the ACQ,,12,md-050#012,message,Sent as push notification,,expects NO answer,👤 App/partner message to participant,0,no,,Hey! It's time for your asthma control check! 💡 Answering a few questions will help us keep you breathing easy. 😊,"Hei, a sosit momentul să verificăm cum stai cu astmul! 💡 Răspunde la câteva întrebări rapide și află cum poți continua să respiri ușor și liniștit. 😊"
r_PromptForACQ_Stage1_Push,r_PromptForACQ_Stage1_Push @ Prompt patient to answer questions of the ACQ,10,1,10,Prompt patient to answer questions of the ACQ,,13,md-050#013,message,Sent as push notification,,expects NO answer,👤 App/partner message to participant,0,no,,Don’t forget to complete your asthma questionnaire! 📋 It's an important step in making sure everything's going great. 💙,Nu uita să completezi chestionarul pentru astm! 📋 E un pas important să ne asigurăm că totul e în regulă. 💙
r_PromptForACQ_Stage2,r_PromptForACQ_Stage2 @ Prompt patient to answer questions of the ACQ,2,2,1,Prompt patient to answer questions of the ACQ,,14,md-050#014,message,Ask user whether this is a good time point to fill out the ACQ,$readinessForACQ,select one,👤 App/partner message to participant,0,no,,Is this a good time point to fill out your asthma test? 📋💖📈🤗,Este un moment bun ca să faci testul de astm? 📋💖📈🤗
r_PostponeACQ,r_PostponeACQ @ Prompt patient to answer questions of the ACQ,8,4,2,Prompt patient to answer questions of the ACQ,,30,md-050#030,message,Empty message,,time,👤 App/partner message to participant,2,no,$newTimeForACQ text value equals -99 ; $readinessForACQ calculated value not equals 1,[not set],[not set]
r_PostponeACQ,r_PostponeACQ @ Prompt patient to answer questions of the ACQ,8,4,2,Prompt patient to answer questions of the ACQ,,32,md-050#032,message,To be shown if $readinessForACQ=0 OR $fillOutACQStart=0,$newTimeForACQ,time,👤 App/partner message to participant,2,no,$newTimeForACQ text value equals -99 ; $readinessForACQ calculated value not equals 1,When would you like to be reminded again?,Când vrei să primești următoarea reamintire?
r_PostponeACQ,r_PostponeACQ @ Prompt patient to answer questions of the ACQ,8,4,2,Prompt patient to answer questions of the ACQ,,33,md-050#033,message,To be shown if $readinessForACQ=0 OR $fillOutACQStart=0,$newTimeForACQ,time,👤 App/partner message to participant,2,no,$newTimeForACQ text value equals -99 ; $fillOutACQStart calculated value not equals 1,When would you like to be reminded again?,Când vrei să primești următoarea reamintire?
r_PostponeACQ,r_PostponeACQ @ Prompt patient to answer questions of the ACQ,8,4,2,Prompt patient to answer questions of the ACQ,,34,md-050#034,message,To be shown if $readinessForACQ=0 OR $fillOutACQStart=0,$newTimeForACQ,time,👤 App/partner message to participant,2,no,$newTimeForACQ text value equals -99 ; $readinessForACQ calculated value not equals 1,What would be a good time for filling out the asthma test?,Care e momentul cel mai bun pentru tine să faci testul de astm?
r_PostponeACQ,r_PostponeACQ @ Prompt patient to answer questions of the ACQ,8,4,2,Prompt patient to answer questions of the ACQ,,35,md-050#035,message,To be shown if $readinessForACQ=0 OR $fillOutACQStart=0,$newTimeForACQ,time,👤 App/partner message to participant,2,no,$newTimeForACQ text value equals -99 ; $fillOutACQStart calculated value not equals 1,What would be a good time for filling out the asthma test?,Care e momentul cel mai bun pentru tine să faci testul de astm?
r_ReminderClinicVisit_Push,r_ReminderClinicVisit_Push @ Reminder quarterly clinic visits,10,1,10,Reminder quarterly clinic visits,,3,md-051#003,message,"Sent as push notification. Triggered by data and time of the clinic visit schedulled at enrollment or during the last visit at the clinic. If the patient or the doctor reschedule the visits, this needs to be updated by the doctor/study nurse using the dashboard. Ideally, rescheduling should be done through the chatbot.",,expects NO answer,👤 App/partner message to participant,0,no,,"Hey! Just a reminder, your doctor’s appointment is coming up on $dateOfNextClinicVisit at $timeOfNextClinicVisit at $clinicAddress. 🩺 Don’t forget! 😊","Hei, doar o mică reamintire: programarea ta la medic e în curând, pe $dateOfNextClinicVisit la $timeOfNextClinicVisit, la $clinicAddress. 🩺 Nu uita! 😊"
r_ReminderClinicVisit_Push,r_ReminderClinicVisit_Push @ Reminder quarterly clinic visits,10,1,10,Reminder quarterly clinic visits,,4,md-051#004,message,"Sent as push notification. Triggered by data and time of the clinic visit schedulled at enrollment or during the last visit at the clinic. If the patient or the doctor reschedule the visits, this needs to be updated by the doctor/study nurse using the dashboard. Ideally, rescheduling should be done through the chatbot.",,expects NO answer,👤 App/partner message to participant,0,no,,Heads up! ⏰ You’ve got a clinic visit with your doctor on $dateOfNextClinicVisit at $timeOfNextClinicVisit at $clinicAddress. Let’s make sure you’re all set! 💼,"Atenție! ⏰ Ai o vizită la clinică cu medicul pe $dateOfNextClinicVisit la $timeOfNextClinicVisit, la $clinicAddress. Hai să ne asigurăm că ai tot ce îți trebuie! 💼"
r_ReminderClinicVisit_Push,r_ReminderClinicVisit_Push @ Reminder quarterly clinic visits,10,1,10,Reminder quarterly clinic visits,,5,md-051#005,message,"Sent as push notification. Triggered by data and time of the clinic visit schedulled at enrollment or during the last visit at the clinic. If the patient or the doctor reschedule the visits, this needs to be updated by the doctor/study nurse using the dashboard. Ideally, rescheduling should be done through the chatbot.",,expects NO answer,👤 App/partner message to participant,0,no,,Your next doctor’s appointment is on $dateOfNextClinicVisit at $timeOfNextClinicVisit at $clinicAddress. 🗓️ It’s a great chance to check in on your asthma! 💙,"Următoarea ta programare la medic este pe $dateOfNextClinicVisit la $timeOfNextClinicVisit, la $clinicAddress. 🗓️ Este o ocazie grozavă să îți verifici starea astmului! 💙"
r_ReminderClinicVisit_Push,r_ReminderClinicVisit_Push @ Reminder quarterly clinic visits,10,1,10,Reminder quarterly clinic visits,,6,md-051#006,message,"Sent as push notification. Triggered by data and time of the clinic visit schedulled at enrollment or during the last visit at the clinic. If the patient or the doctor reschedule the visits, this needs to be updated by the doctor/study nurse using the dashboard. Ideally, rescheduling should be done through the chatbot.",,expects NO answer,👤 App/partner message to participant,0,no,,Friendly reminder: you’ve got a visit with your doctor at $clinicAddress on $dateOfNextClinicVisit at $timeOfNextClinicVisit. 🩺 You’re doing great—let’s keep it up! 🚀,O reamnitire prietenoasă: programarea cu medicul tău e la $clinicAddress pe $dateOfNextClinicVisit la $timeOfNextClinicVisit. 🩺 Te descurci grozav — să continuăm așa! 🚀
r_ReminderClinicVisit_Push,r_ReminderClinicVisit_Push @ Reminder quarterly clinic visits,10,1,10,Reminder quarterly clinic visits,,7,md-051#007,message,"Sent as push notification. Triggered by data and time of the clinic visit schedulled at enrollment or during the last visit at the clinic. If the patient or the doctor reschedule the visits, this needs to be updated by the doctor/study nurse using the dashboard. Ideally, rescheduling should be done through the chatbot.",,expects NO answer,👤 App/partner message to participant,0,no,,Don’t forget your doctor’s appointment on $dateOfNextClinicVisit at $timeOfNextClinicVisit at $clinicAddress! 🏥 It’s the perfect time to talk about how you’ve been feeling. 💬,"Nu uita de programarea la medic pe $dateOfNextClinicVisit la $timeOfNextClinicVisit, la $clinicAddress! 🏥 E momentul perfect să vorbim despre cum te simți. 💬"
r_ReminderClinicVisit_Push,r_ReminderClinicVisit_Push @ Reminder quarterly clinic visits,10,1,10,Reminder quarterly clinic visits,,8,md-051#008,message,"Sent as push notification. Triggered by data and time of the clinic visit schedulled at enrollment or during the last visit at the clinic. If the patient or the doctor reschedule the visits, this needs to be updated by the doctor/study nurse using the dashboard. Ideally, rescheduling should be done through the chatbot.",,expects NO answer,👤 App/partner message to participant,0,no,,Hey! Your next clinic visit is on $dateOfNextClinicVisit at $timeOfNextClinicVisit at $clinicAddress. 🗓️ Let’s get ready to check in with your doctor! 🙌,"Hei, următoarea ta vizită la clinică e pe $dateOfNextClinicVisit la $timeOfNextClinicVisit, la $clinicAddress. 🗓️Hai să ne pregătim pentru a te consulta cu doctorul tău! 🙌"
r_ReminderClinicVisit_Push,r_ReminderClinicVisit_Push @ Reminder quarterly clinic visits,10,1,10,Reminder quarterly clinic visits,,9,md-051#009,message,"Sent as push notification. Triggered by data and time of the clinic visit schedulled at enrollment or during the last visit at the clinic. If the patient or the doctor reschedule the visits, this needs to be updated by the doctor/study nurse using the dashboard. Ideally, rescheduling should be done through the chatbot.",,expects NO answer,👤 App/partner message to participant,0,no,,Reminder: your doctor’s appointment is just around the corner on $dateOfNextClinicVisit at $timeOfNextClinicVisit at $clinicAddress! 🏥 Let’s make sure everything’s ready. 🌟,"Nu uita: Programarea ta la doctor se apropie în curând, pe $dateOfNextClinicVisit la $timeOfNextClinicVisit, la $clinicAddress! 🏥 Hai să ne asigurăm că totul este pregătit! 🌟"
r_ReminderClinicVisit_Push,r_ReminderClinicVisit_Push @ Reminder quarterly clinic visits,10,1,10,Reminder quarterly clinic visits,,10,md-051#010,message,"Sent as push notification. Triggered by data and time of the clinic visit schedulled at enrollment or during the last visit at the clinic. If the patient or the doctor reschedule the visits, this needs to be updated by the doctor/study nurse using the dashboard. Ideally, rescheduling should be done through the chatbot.",,expects NO answer,👤 App/partner message to participant,0,no,,"Your doctor’s visit is coming up soon! 📅 It’s on $dateOfNextClinicVisit at $timeOfNextClinicVisit at $clinicAddress. You’re doing amazing, and this will help keep you on track! 😊","Vizita ta la medic se apropie! 📅 E pe $dateOfNextClinicVisit la $timeOfNextClinicVisit, la $clinicAddress. Te descurci foarte bine și asta te ajută să rămâi pe drumul cel bun! 😊"
r_ReminderClinicVisit_Push,r_ReminderClinicVisit_Push @ Reminder quarterly clinic visits,10,1,10,Reminder quarterly clinic visits,,11,md-051#011,message,"Sent as push notification. Triggered by data and time of the clinic visit schedulled at enrollment or during the last visit at the clinic. If the patient or the doctor reschedule the visits, this needs to be updated by the doctor/study nurse using the dashboard. Ideally, rescheduling should be done through the chatbot.",,expects NO answer,👤 App/partner message to participant,0,no,,Don’t forget! 📋 Your appointment with the doctor is on $dateOfNextClinicVisit at $timeOfNextClinicVisit at $clinicAddress. It’s a good time to ask any questions you have! 💡,"Nu uita! 📋 Programarea ta la medic e pe $dateOfNextClinicVisit la $timeOfNextClinicVisit, la $clinicAddress. E un moment bun să pui orice întrebare! 💡"
r_ReminderClinicVisit_Push,r_ReminderClinicVisit_Push @ Reminder quarterly clinic visits,10,1,10,Reminder quarterly clinic visits,,12,md-051#012,message,"Sent as push notification. Triggered by data and time of the clinic visit schedulled at enrollment or during the last visit at the clinic. If the patient or the doctor reschedule the visits, this needs to be updated by the doctor/study nurse using the dashboard. Ideally, rescheduling should be done through the chatbot.",,expects NO answer,👤 App/partner message to participant,0,no,,You’ve got a doctor’s appointment on $dateOfNextClinicVisit at $timeOfNextClinicVisit at $clinicAddress. 🏥 Let’s make sure your asthma is on point! 💪,"Ai o programare la medic pe $dateOfNextClinicVisit la $timeOfNextClinicVisit, la $clinicAddress. 🏥 Hai să ne asigurăm că astmul tău e bine gestionat! 💪"
r_QueryAboutPotentialNeedToRescheduleClinicVisit,r_QueryAboutPotentialNeedToRescheduleClinicVisit @ Reminder quarterly clinic visits,1,1,1,Reminder quarterly clinic visits,,13,md-051#013,message,---,$needToRescheduleClinicVisit,select one,👤 App/partner message to participant,0,no,,Will you be able to go to this appointment or do you need to reschedule?,Vei putea merge la această programare sau trebuie să o amâni??
r_ConfirmThatClinicVisitWillBeRescheduled,r_ConfirmThatClinicVisitWillBeRescheduled @ Reminder quarterly clinic visits,1,1,1,Reminder quarterly clinic visits,,14,md-051#014,message,To be shown if $needToRescheduleClinicVisit=1,,expects NO answer,👤 App/partner message to participant,0,no,,"You will soon be contacted by our clinical staff to reschedule your doctor's appointment. 📅👩‍⚕️
If you don't hear from us within a few days, please call the clinic.📞🏥","În curând te va contacta personalul clinicii pentru a reprograma vizita la medic. 📅👩‍⚕️Dacă nu primești vești de la noi în câteva zile, te rugăm să suni la clinică. 📞🏥"
r_PromptForWatchingEducationalContent_Stage2,r_PromptForWatchingEducationalContent_Stage2 @ Interaction with educational content and rescheduling,1,1,1,Interaction with educational content and rescheduling,Prompt patient to watch/read/listen educational material,8,md-053#008,message,---,$readinessForEducationalMaterial,select one,👤 App/partner message to participant,0,no,,"Is this a good time point to interact with educational material related to asthma, asthma treatments, and asthma management? 🧐📖","Este acesta un moment bun pentru a interacționa cu materiale educaționale legate de astm, tratamente pentru astm și gestionarea astmului? 🧐📖"
r_StartInteractionWithEducationalMaterial,r_StartInteractionWithEducationalMaterial @ Interaction with educational content and rescheduling,3,3,1,Interaction with educational content and rescheduling,Prompt patient to watch/read/listen educational material,9,md-053#009,message,To be shown if $readinessForEducationalMaterial=1.,$startInteractingWithEducationalMaterialUnit,select one,👤 App/partner message to participant,1,no,$readinessForEducationalMaterial calculated value equals 1,Please tap when ready!,Apasă butonul când ești gata!
r_PostponeInteractionWithEducationalMaterial,r_PostponeInteractionWithEducationalMaterial @ Interaction with educational content and rescheduling,2,1,2,Interaction with educational content and rescheduling,Prompt patient to watch/read/listen educational material,13,md-053#013,message,To be shown if $startInteractingWithEducationalMaterialUnit=0,$newTimeForInteractingWithEducationalMaterial,time,👤 App/partner message to participant,1,no,$startInteractingWithEducationalMaterialUnit calculated value equals 0,When would you like to be reminded again?,Când vrei să-ți reamintesc din nou?
r_PostponeInteractionWithEducationalMaterial,r_PostponeInteractionWithEducationalMaterial @ Interaction with educational content and rescheduling,2,1,2,Interaction with educational content and rescheduling,Prompt patient to watch/read/listen educational material,14,md-053#014,message,To be shown if $startInteractingWithEducationalMaterialUnit=0,$newTimeForInteractingWithEducationalMaterial,time,👤 App/partner message to participant,1,no,$startInteractingWithEducationalMaterialUnit calculated value equals 0,"What would be a good time for interacting with digital contents about asthma, asthma treatments, and asthma management?","Care ar fi un moment potrivit pentru interacțiunea cu conținut digital despre astm, tratamente pentru astm și gestionarea astmului?"
r_PromptForWatchingEducationalContent_Stage1,r_PromptForWatchingEducationalContent_Stage1 @ Introductory sentences for videos,17,3,6,Introductory sentences for videos,Prompt patient to watch/read/listen educational material / Interaction with educational content and rescheduling,1,md-054#001,message,---,,expects NO answer,👤 App/partner message to participant,0,no,,Hey! 📚 Want to learn more about asthma and how to manage it better? Check out this cool video! 🎥✨,Hei 📚 Vrei să afli mai multe despre astm și cum să-l gestionezi mai bine? Vezi acest videoclip interesant! 🎥✨
r_PromptForWatchingEducationalContent_Stage1,r_PromptForWatchingEducationalContent_Stage1 @ Introductory sentences for videos,17,3,6,Introductory sentences for videos,Prompt patient to watch/read/listen educational material / Interaction with educational content and rescheduling,2,md-054#002,message,---,,expects NO answer,👤 App/partner message to participant,0,no,,Curious about how asthma works and how to control it? 🧠💡 Check out this video made just for you! 📹,Ești curios cum funcționează astmul și cum să-l controlezi? 🧠💡 Urmărește acest videoclip creat special pentru tine! 📹
r_PromptForWatchingEducationalContent_Stage1,r_PromptForWatchingEducationalContent_Stage1 @ Introductory sentences for videos,17,3,6,Introductory sentences for videos,Prompt patient to watch/read/listen educational material / Interaction with educational content and rescheduling,3,md-054#003,message,---,,expects NO answer,👤 App/partner message to participant,0,no,,Learning about asthma doesn’t have to be boring! 🙌 Watch these fun educational tools and become a pro! 🎬,Învățarea despre astm nu trebuie să fie plictisitoare! 🙌 Verifică aceste materiale distractive și devine profesionist! 🎬
r_PromptForWatchingEducationalContent_Stage1,r_PromptForWatchingEducationalContent_Stage1 @ Introductory sentences for videos,17,3,6,Introductory sentences for videos,Prompt patient to watch/read/listen educational material / Interaction with educational content and rescheduling,4,md-054#004,message,---,,expects NO answer,👤 App/partner message to participant,0,no,,Hey! 😊 There are new ways to learn about your asthma—watch and feel more in charge! 🎥,Hei! 😊 Există nouă modalități de a învăța despre astmul tău – urmărește și simte-te mai responsabil! 🎥
r_PromptForWatchingEducationalContent_Stage1,r_PromptForWatchingEducationalContent_Stage1 @ Introductory sentences for videos,17,3,6,Introductory sentences for videos,Prompt patient to watch/read/listen educational material / Interaction with educational content and rescheduling,5,md-054#005,message,---,,expects NO answer,👤 App/partner message to participant,0,no,,Did you know? 🤔 Understanding asthma can help you feel more in control! Explore some awesome educational content here! 🌟💨,Știai că 🤔? Să înțelegi astmul te ajută să te simți mai stăpân pe situație! Descoperă câteva materiale educaționale grozave aici! 🌟💨
r_PromptForWatchingEducationalContent_Stage1,r_PromptForWatchingEducationalContent_Stage1 @ Introductory sentences for videos,17,3,6,Introductory sentences for videos,Prompt patient to watch/read/listen educational material / Interaction with educational content and rescheduling,6,md-054#006,message,---,,expects NO answer,👤 App/partner message to participant,0,no,,Want to feel even more confident about managing your asthma? 🏅 Take a look at this content and become an asthma expert! 🔍📚,Vrei să te simți și mai încrezător în gestionarea astmului? 🏅 Vezi acest conținut și devino expert! 🔍📚
r_PromptForWatchingEducationalContent_Stage1,r_PromptForWatchingEducationalContent_Stage1 @ Introductory sentences for podcasts,17,3,5,Introductory sentences for podcasts,Prompt patient to watch/read/listen educational material / Interaction with educational content and rescheduling,1,md-055#001,message,---,,expects NO answer,👤 App/partner message to participant,0,no,,Did you know? 🤔 Understanding asthma can help you feel more in control! Explore some awesome educational content here! 🌟💨,Știai că 🤔? Să înțelegi astmul te ajută să te simți mai stăpân pe situație! Descoperă câteva materiale educaționale grozave aici! 🌟💨
r_PromptForWatchingEducationalContent_Stage1,r_PromptForWatchingEducationalContent_Stage1 @ Introductory sentences for podcasts,17,3,5,Introductory sentences for podcasts,Prompt patient to watch/read/listen educational material / Interaction with educational content and rescheduling,2,md-055#002,message,---,,expects NO answer,👤 App/partner message to participant,0,no,,Want to feel even more confident about managing your asthma? 🏅 Take a look at this content and become an asthma expert! 🔍📚,Vrei să te simți și mai încrezător în gestionarea astmului? 🏅 Vezi acest conținut și devino expert! 🔍📚
r_PromptForWatchingEducationalContent_Stage1,r_PromptForWatchingEducationalContent_Stage1 @ Introductory sentences for podcasts,17,3,5,Introductory sentences for podcasts,Prompt patient to watch/read/listen educational material / Interaction with educational content and rescheduling,3,md-055#003,message,---,,expects NO answer,👤 App/partner message to participant,0,no,,Time to level up your asthma knowledge! 🚀 Discover some cool tips and tricks for managing it better! 🎓💡,E timpul să-ți duci cunoștințele despre astm la un nivel mai înalt! 🚀 Descoperă trucuri și sfaturi utile pentru a-l gestiona mai bine! 🎓💡
r_PromptForWatchingEducationalContent_Stage1,r_PromptForWatchingEducationalContent_Stage1 @ Introductory sentences for podcasts,17,3,5,Introductory sentences for podcasts,Prompt patient to watch/read/listen educational material / Interaction with educational content and rescheduling,4,md-055#004,message,---,,expects NO answer,👤 App/partner message to participant,0,no,,Check this out! 🎉 There's some awesome content on asthma that will help you understand it better and manage it easily! 🌬️📖,Aruncă o privire! 🎉 Găsești materiale grozave care te vor ajuta să înțelegi și să gestionezi astmul mai ușor! 🌬️📖
r_PromptForWatchingEducationalContent_Stage1,r_PromptForWatchingEducationalContent_Stage1 @ Introductory sentences for podcasts,17,3,5,Introductory sentences for podcasts,Prompt patient to watch/read/listen educational material / Interaction with educational content and rescheduling,5,md-055#005,message,---,,expects NO answer,👤 App/partner message to participant,0,no,,Want to take control of your asthma? 💨 Start by learning more! Check out these resources! 💡🔉,Vrei să preiei controlul asupra astmului tău? 💨 Începe să înveți mai mult! Uită-te la aceste resurse interesante! 💡🔉
r_PromptForWatchingEducationalContent_Stage1,r_PromptForWatchingEducationalContent_Stage1 @ Introductory sentences for text,17,3,6,Introductory sentences for text,Prompt patient to watch/read/listen educational material / Interaction with educational content and rescheduling,1,md-056#001,message,---,,expects NO answer,👤 App/partner message to participant,0,no,,Knowledge is power! 💪 Dive into these fun asthma facts and tips to learn how to manage it like a pro! 🎯📖,Cunoașterea e putere! 💪 Aprofundează-te în aceste fapte și sfaturi amuzante despre astm pentru a învăța cum să îl gestionezi ca un profesionist! 🎯📖
r_PromptForWatchingEducationalContent_Stage1,r_PromptForWatchingEducationalContent_Stage1 @ Introductory sentences for text,17,3,6,Introductory sentences for text,Prompt patient to watch/read/listen educational material / Interaction with educational content and rescheduling,2,md-056#002,message,---,,expects NO answer,👤 App/partner message to participant,0,no,,Did you know? 🤔 Understanding asthma can help you feel more in control! Explore some awesome educational content here! 🌟💨,Știai că 🤔? Să înțelegi astmul te ajută să te simți mai stăpân pe situație! Descoperă câteva materiale educaționale grozave aici! 🌟💨
r_PromptForWatchingEducationalContent_Stage1,r_PromptForWatchingEducationalContent_Stage1 @ Introductory sentences for text,17,3,6,Introductory sentences for text,Prompt patient to watch/read/listen educational material / Interaction with educational content and rescheduling,3,md-056#003,message,---,,expects NO answer,👤 App/partner message to participant,0,no,,Want to feel even more confident about managing your asthma? 🏅 Take a look at this content and become an asthma expert! 🔍📚,Vrei să te simți și mai încrezător în gestionarea astmului? 🏅 Vezi acest conținut și devino expert! 🔍📚
r_PromptForWatchingEducationalContent_Stage1,r_PromptForWatchingEducationalContent_Stage1 @ Introductory sentences for text,17,3,6,Introductory sentences for text,Prompt patient to watch/read/listen educational material / Interaction with educational content and rescheduling,4,md-056#004,message,---,,expects NO answer,👤 App/partner message to participant,0,no,,Time to level up your asthma knowledge! 🚀 Discover some cool tips and tricks for managing it better! 🎓💡,E timpul să-ți duci cunoștințele despre astm la un nivel mai înalt! 🚀 Descoperă trucuri și sfaturi utile pentru a-l gestiona mai bine! 🎓💡
r_PromptForWatchingEducationalContent_Stage1,r_PromptForWatchingEducationalContent_Stage1 @ Introductory sentences for text,17,3,6,Introductory sentences for text,Prompt patient to watch/read/listen educational material / Interaction with educational content and rescheduling,5,md-056#005,message,---,,expects NO answer,👤 App/partner message to participant,0,no,,Check this out! 🎉 There's some awesome content on asthma that will help you understand it better and manage it easily! 🌬️📖,Aruncă o privire! 🎉 Găsești materiale grozave care te vor ajuta să înțelegi și să gestionezi astmul mai ușor! 🌬️📖
r_PromptForWatchingEducationalContent_Stage1,r_PromptForWatchingEducationalContent_Stage1 @ Introductory sentences for text,17,3,6,Introductory sentences for text,Prompt patient to watch/read/listen educational material / Interaction with educational content and rescheduling,6,md-056#006,message,---,,expects NO answer,👤 App/partner message to participant,0,no,,Want to take control of your asthma? 💨 Start by learning more! Check out these resources! 💡🔉,Vrei să preiei controlul asupra astmului tău? 💨 Începe să înveți mai mult! Uită-te la aceste resurse interesante! 💡🔉
r_InvitationToLookAtAirPollutionAndAllergenConcentration,r_InvitationToLookAtAirPollutionAndAllergenConcentration @ Information about local air quality (pollutants and allergens),30,3,10,Information about local air quality (pollutants and allergens),,3,md-057#003,message,To be shown only if data indicates potentially harmful levels of air pollutants and allergens AND if $startPoringOverCurrentAirPollutionReport=0,$startPoringOverCurrentAirPollutionReport,select one,👤 App/partner message to participant,0,no,,Hey! 🌬️ Today’s air quality info is ready! Check out the levels of pollutants and allergens to help plan your day. 🌿📊,Hei! 🌬️ Azi ai informațiile despre calitatea aerului! Vezi nivelul poluanților și alergenilor ca să-ți planifici ziua bine. 🌿📊
r_InvitationToLookAtAirPollutionAndAllergenConcentration,r_InvitationToLookAtAirPollutionAndAllergenConcentration @ Information about local air quality (pollutants and allergens),30,3,10,Information about local air quality (pollutants and allergens),,4,md-057#004,message,To be shown only if data indicates potentially harmful levels of air pollutants and allergens AND if $startPoringOverCurrentAirPollutionReport=0,$startPoringOverCurrentAirPollutionReport,select one,👤 App/partner message to participant,0,no,,Heads up! ⏰ The daily air quality report is available! Stay informed about pollutants and allergens around you. 🌍💨,Atenție! ⏰ Raportul zilnic despre calitatea aerului e gata! Fii la curent cu poluanții și alergenii din jurul tău. 🌍💨
r_InvitationToLookAtAirPollutionAndAllergenConcentration,r_InvitationToLookAtAirPollutionAndAllergenConcentration @ Information about local air quality (pollutants and allergens),30,3,10,Information about local air quality (pollutants and allergens),,5,md-057#005,message,To be shown only if data indicates potentially harmful levels of air pollutants and allergens AND if $startPoringOverCurrentAirPollutionReport=0,$startPoringOverCurrentAirPollutionReport,select one,👤 App/partner message to participant,0,no,,Breathe easy! 😌 Want to know what the air quality is like today? Check out the latest info on allergens and pollutants! 🌿📋,Respiră relaxat! 😌 Vrei să știi cum e aerul azi? Vezi ultimele date despre alergeni și poluanți! 🌿📋
r_InvitationToLookAtAirPollutionAndAllergenConcentration,r_InvitationToLookAtAirPollutionAndAllergenConcentration @ Information about local air quality (pollutants and allergens),30,3,10,Information about local air quality (pollutants and allergens),,6,md-057#006,message,To be shown only if data indicates potentially harmful levels of air pollutants and allergens AND if $startPoringOverCurrentAirPollutionReport=0,$startPoringOverCurrentAirPollutionReport,select one,👤 App/partner message to participant,0,no,,Stay in the know! 🌟 The air quality report for today is here—see if the pollutants or allergens are high in your area. 🌬️🔍,Rămâi informat! 🌟 Raportul de azi despre calitatea aerului e aici – vezi dacă poluanții sau alergenii sunt mulți în zona ta. 🌬️🔍
r_InvitationToLookAtAirPollutionAndAllergenConcentration,r_InvitationToLookAtAirPollutionAndAllergenConcentration @ Information about local air quality (pollutants and allergens),30,3,10,Information about local air quality (pollutants and allergens),,7,md-057#007,message,To be shown only if data indicates potentially harmful levels of air pollutants and allergens AND if $startPoringOverCurrentAirPollutionReport=0,$startPoringOverCurrentAirPollutionReport,select one,👤 App/partner message to participant,0,no,,Wondering how the air is today? 🌤️ Check out the daily update on pollutants and allergens so you can stay safe! 🌱📊,Te întrebi cum e aerul azi? 🌤️ Verifică raportul zilnic despre poluanți și alergeni ca să fii în siguranță! 🌱📊
r_InvitationToLookAtAirPollutionAndAllergenConcentration,r_InvitationToLookAtAirPollutionAndAllergenConcentration @ Information about local air quality (pollutants and allergens),30,3,10,Information about local air quality (pollutants and allergens),,8,md-057#008,message,To be shown only if data indicates potentially harmful levels of air pollutants and allergens AND if $startPoringOverCurrentAirPollutionReport=0,$startPoringOverCurrentAirPollutionReport,select one,👤 App/partner message to participant,0,no,,Quick tip! 📝 Want to know if the air is clear of allergens or pollutants today? The daily air report is just a click away! 🌍💡,Un pont! 📝 Vrei să știi dacă aerul e curat de alergeni și poluanți azi? Raportul zilnic e la un clic distanță! 🌍💡
r_InvitationToLookAtAirPollutionAndAllergenConcentration,r_InvitationToLookAtAirPollutionAndAllergenConcentration @ Information about local air quality (pollutants and allergens),30,3,10,Information about local air quality (pollutants and allergens),,9,md-057#009,message,To be shown only if data indicates potentially harmful levels of air pollutants and allergens AND if $startPoringOverCurrentAirPollutionReport=0,$startPoringOverCurrentAirPollutionReport,select one,👤 App/partner message to participant,0,no,,Hey! 🌈 Today’s air quality update is ready for you—check out the levels of pollutants and allergens to plan your outdoor time! 🌞📊,Hei 🌈 Actualizarea calității aerului de azi e gata – verifică nivelul poluanților și alergenilor ca să-ți planifici timpul afară! 🌞📊
r_InvitationToLookAtAirPollutionAndAllergenConcentration,r_InvitationToLookAtAirPollutionAndAllergenConcentration @ Information about local air quality (pollutants and allergens),30,3,10,Information about local air quality (pollutants and allergens),,10,md-057#010,message,To be shown only if data indicates potentially harmful levels of air pollutants and allergens AND if $startPoringOverCurrentAirPollutionReport=0,$startPoringOverCurrentAirPollutionReport,select one,👤 App/partner message to participant,0,no,,Curious about today’s air quality? 🌬️ Find out if allergens or pollutants are high so you can stay prepared! 🌿🔍,Curios cum e aerul azi? 🌬️ Află dacă alergeni sau poluanți sunt în cantitate mare ca să fii pregătit! 🌿🔍
r_InvitationToLookAtAirPollutionAndAllergenConcentration,r_InvitationToLookAtAirPollutionAndAllergenConcentration @ Information about local air quality (pollutants and allergens),30,3,10,Information about local air quality (pollutants and allergens),,11,md-057#011,message,To be shown only if data indicates potentially harmful levels of air pollutants and allergens AND if $startPoringOverCurrentAirPollutionReport=0,$startPoringOverCurrentAirPollutionReport,select one,👤 App/partner message to participant,0,no,,Check it out! 👀 The air quality info for today is here—know what’s in the air before heading outside! 🌤️📋,Aruncă o privire! 👀 Informațiile despre calitatea aerului de azi sunt aici – vezi ce e în aer înainte să ieși afară! 🌤️📋
r_InvitationToLookAtAirPollutionAndAllergenConcentration,r_InvitationToLookAtAirPollutionAndAllergenConcentration @ Information about local air quality (pollutants and allergens),30,3,10,Information about local air quality (pollutants and allergens),,12,md-057#012,message,To be shown only if data indicates potentially harmful levels of air pollutants and allergens AND if $startPoringOverCurrentAirPollutionReport=0,$startPoringOverCurrentAirPollutionReport,select one,👤 App/partner message to participant,0,no,,Stay ahead of allergens and pollutants! 🚦 The daily air quality report is available now. Check it out to stay safe! 🌿📊,Fii cu un pas înaintea poluanților și alergenilor! 🚦 Raportul zilnic despre calitatea aerului e disponibil. Verifică-l ca să fii în siguranță! 🌿📊
r_InvitationToLookAtAirPollutionAndAllergenConcentration,r_InvitationToLookAtAirPollutionAndAllergenConcentration @ Extreme levels of allergens,30,3,10,Extreme levels of allergens,Information about local air quality (pollutants and allergens),1,md-058#001,message,Sent as push notification; To be shown only if data indicates extremely high levels of air allergens AND if $startPoringOverCurrentAirPollutionReport=0,$startPoringOverCurrentAirPollutionReport,select one,👤 App/partner message to participant,0,no,,Warning! ⚠️ Today’s air quality isn’t great—allergens are high. Take extra care if you’re heading outside! 🌬️🚨 Check the air quality report for more details.,Atenție! ⚠️ Astăzi calitatea aerului nu e grozavă – sunt mulți alergeni. Ai grijă și mai mare dacă ieși afară! 🌬️🚨 Verifică raportul pentru mai multe detalii.
r_InvitationToLookAtAirPollutionAndAllergenConcentration,r_InvitationToLookAtAirPollutionAndAllergenConcentration @ Extreme levels of allergens,30,3,10,Extreme levels of allergens,Information about local air quality (pollutants and allergens),2,md-058#002,message,Sent as push notification; To be shown only if data indicates extremely high levels of air allergens AND if $startPoringOverCurrentAirPollutionReport=0,$startPoringOverCurrentAirPollutionReport,select one,👤 App/partner message to participant,0,no,,Heads up! 🌫️ The air today has high levels of allergens. It might be best to limit outdoor activities! 🏡⚠️ Take a look at the air quality report for the latest info.,Hei! 🌫️ Aerul conține azi mulți alergeni. Poate ar fi mai bine să limitezi activitățile în aer liber 🏡⚠️ Vezi raportul cu cele mai recente informații.
r_InvitationToLookAtAirPollutionAndAllergenConcentration,r_InvitationToLookAtAirPollutionAndAllergenConcentration @ Extreme levels of allergens,30,3,10,Extreme levels of allergens,Information about local air quality (pollutants and allergens),3,md-058#003,message,Sent as push notification; To be shown only if data indicates extremely high levels of air allergens AND if $startPoringOverCurrentAirPollutionReport=0,$startPoringOverCurrentAirPollutionReport,select one,👤 App/partner message to participant,0,no,,Alert! 🚨 The air quality today isn’t looking good—allergens are above normal. Take precautions! 🌿💨 Check out the current air quality report for details.,Alertă! 🚨 Calitatea aerului nu este prea bună azi – alergenii depășesc normalul. Fii atent! 🌿💨 Uită-te la raportul actual ca să fii informat.
r_InvitationToLookAtAirPollutionAndAllergenConcentration,r_InvitationToLookAtAirPollutionAndAllergenConcentration @ Extreme levels of allergens,30,3,10,Extreme levels of allergens,Information about local air quality (pollutants and allergens),4,md-058#004,message,Sent as push notification; To be shown only if data indicates extremely high levels of air allergens AND if $startPoringOverCurrentAirPollutionReport=0,$startPoringOverCurrentAirPollutionReport,select one,👤 App/partner message to participant,0,no,,"Be careful! ⚠️ Allergens are high today. Make sure to stay safe, especially if you’re outside! 🌬️🏞️ Don’t forget to review today’s air quality report.",Fii cu ochii pe aer! ⚠️ Sunt mulți alergeni în aer azi. Ai grijă mai ales dacă ieși afară! 🌬️🏞️ Nu uita să verifici raportul de calitate a aerului.
r_InvitationToLookAtAirPollutionAndAllergenConcentration,r_InvitationToLookAtAirPollutionAndAllergenConcentration @ Extreme levels of allergens,30,3,10,Extreme levels of allergens,Information about local air quality (pollutants and allergens),5,md-058#005,message,Sent as push notification; To be shown only if data indicates extremely high levels of air allergens AND if $startPoringOverCurrentAirPollutionReport=0,$startPoringOverCurrentAirPollutionReport,select one,👤 App/partner message to participant,0,no,,"Today’s air quality warning! ⚡ Allergens are elevated, so it’s a good idea to limit outdoor time. 🌪️🌿 Check the air quality report for more details!","Avertisment pentru calitatea aerului de azi! ⚡ Alergenii sunt în cantitate mare, așa că evită să petreci prea mult timp afară. 🌪️🌿 Consultă raportul pentru detalii."
r_InvitationToLookAtAirPollutionAndAllergenConcentration,r_InvitationToLookAtAirPollutionAndAllergenConcentration @ Extreme levels of allergens,30,3,10,Extreme levels of allergens,Information about local air quality (pollutants and allergens),6,md-058#006,message,Sent as push notification; To be shown only if data indicates extremely high levels of air allergens AND if $startPoringOverCurrentAirPollutionReport=0,$startPoringOverCurrentAirPollutionReport,select one,👤 App/partner message to participant,0,no,,Watch out! ⚠️ The air quality is poor today with high levels of allergens. Try to stay indoors if you can! 🏡🌬️ See the full air quality report for the latest updates.,"Atenție! ⚠️ Calitatea aerului e slabă azi, cu mulți alergeni. Dacă poți, stai în casă! 🏡🌬️ Vezi raportul complet pentru ultimele noutăți."
r_InvitationToLookAtAirPollutionAndAllergenConcentration,r_InvitationToLookAtAirPollutionAndAllergenConcentration @ Extreme levels of allergens,30,3,10,Extreme levels of allergens,Information about local air quality (pollutants and allergens),7,md-058#007,message,Sent as push notification; To be shown only if data indicates extremely high levels of air allergens AND if $startPoringOverCurrentAirPollutionReport=0,$startPoringOverCurrentAirPollutionReport,select one,👤 App/partner message to participant,0,no,,Important! 🚦 The air has higher-than-usual allergens today. Take it easy and be cautious outside! 🌿🚧 Don’t forget to check the air quality report.,Important! 🚦 Azi sunt în aer mai mulți alergeni decât de obicei. Ai grijă când ești afară! 🌿🚧 Nu uita să verifici raportul despre calitatea aerului.
r_InvitationToLookAtAirPollutionAndAllergenConcentration,r_InvitationToLookAtAirPollutionAndAllergenConcentration @ Extreme levels of allergens,30,3,10,Extreme levels of allergens,Information about local air quality (pollutants and allergens),8,md-058#008,message,Sent as push notification; To be shown only if data indicates extremely high levels of air allergens AND if $startPoringOverCurrentAirPollutionReport=0,$startPoringOverCurrentAirPollutionReport,select one,👤 App/partner message to participant,0,no,,Air quality alert! ⚠️ Allergens are higher than normal today—take precautions if you go out! 🌬️💨 Check out the current air quality report for more info.,Alertă aer! ⚠️ Alergenii sunt mai mulți decât normal azi – ia măsuri dacă trebuie să ieși! 🌬️💨 Verifică raportul actual pentru detalii.
r_InvitationToLookAtAirPollutionAndAllergenConcentration,r_InvitationToLookAtAirPollutionAndAllergenConcentration @ Extreme levels of allergens,30,3,10,Extreme levels of allergens,Information about local air quality (pollutants and allergens),9,md-058#009,message,Sent as push notification; To be shown only if data indicates extremely high levels of air allergens AND if $startPoringOverCurrentAirPollutionReport=0,$startPoringOverCurrentAirPollutionReport,select one,👤 App/partner message to participant,0,no,,Warning! 🚨 The air today has high levels of allergens. It’s best to stay indoors! 🌍💨🌿 Take a look at the air quality report for full details.,Atenție! 🚨 Aerul conține azi niveluri ridicate de alergeni. E mai bine să stai în casă! 🌍💨🌿 Consultă raportul complet pentru toate detaliile.
r_InvitationToLookAtAirPollutionAndAllergenConcentration,r_InvitationToLookAtAirPollutionAndAllergenConcentration @ Extreme levels of allergens,30,3,10,Extreme levels of allergens,Information about local air quality (pollutants and allergens),10,md-058#010,message,Sent as push notification; To be shown only if data indicates extremely high levels of air allergens AND if $startPoringOverCurrentAirPollutionReport=0,$startPoringOverCurrentAirPollutionReport,select one,👤 App/partner message to participant,0,no,,Heads up! ⚠️ Allergens are up today—watch out and take extra care when going outside! 🏞️🌬️ Be sure to review today’s air quality report.,Fii atent! ⚠️ Alergenii cresc azi – fii mai precaut când ieși afară! 🏞️🌬️ Nu uita să verifici raportul de azi despre calitatea aerului.
r_InvitationToLookAtAirPollutionAndAllergenConcentration,r_InvitationToLookAtAirPollutionAndAllergenConcentration @ Extreme levels of air pollutants,30,3,10,Extreme levels of air pollutants,Information about local air quality (pollutants and allergens),1,md-059#001,message,Sent as push notification; To be shown only if data indicates extremely high levels of air pollutants AND if $startPoringOverCurrentAirPollutionReport=0,$startPoringOverCurrentAirPollutionReport,select one,👤 App/partner message to participant,0,no,,Warning! ⚠️ Today’s air quality isn’t great—pollutants are high. Take extra care if you’re heading outside! 🌬️🚨 Check the air quality report for more details.,Atenție! ⚠️ Calitatea aerului este astăzi scăzută – nivelul poluanților este ridicat. Fii precaut dacă plănuiești să ieși afară! 🌬️🚨 Consultă raportul privind calitatea aerului pentru detalii suplimentare.
r_InvitationToLookAtAirPollutionAndAllergenConcentration,r_InvitationToLookAtAirPollutionAndAllergenConcentration @ Extreme levels of air pollutants,30,3,10,Extreme levels of air pollutants,Information about local air quality (pollutants and allergens),2,md-059#002,message,Sent as push notification; To be shown only if data indicates extremely high levels of air pollutants AND if $startPoringOverCurrentAirPollutionReport=0,$startPoringOverCurrentAirPollutionReport,select one,👤 App/partner message to participant,0,no,,Heads up! 🌫️ The air today has high levels of pollutants. It might be best to limit outdoor activities! 🏡⚠️ Take a look at the air quality report for the latest info.,Atenție! 🌫️ Astăzi aerul conține mulți poluanți. Ar fi indicat să reduci timpul petrecut în aer liber! 🏡⚠️ Vezi raportul pentru cele mai recente informații.
r_InvitationToLookAtAirPollutionAndAllergenConcentration,r_InvitationToLookAtAirPollutionAndAllergenConcentration @ Extreme levels of air pollutants,30,3,10,Extreme levels of air pollutants,Information about local air quality (pollutants and allergens),3,md-059#003,message,Sent as push notification; To be shown only if data indicates extremely high levels of air pollutants AND if $startPoringOverCurrentAirPollutionReport=0,$startPoringOverCurrentAirPollutionReport,select one,👤 App/partner message to participant,0,no,,Alert! 🚨 The air quality today isn’t looking good—pollutants are above normal. Take precautions! 🌿💨 Check out the current air quality report for details.,Alertă! 🚨 Calitatea aerului de azi nu este bună – poluanții depășesc valorile normale. Ia măsuri de precauție! 🌿💨 Consultă raportul actual pentru mai multe detalii.
r_InvitationToLookAtAirPollutionAndAllergenConcentration,r_InvitationToLookAtAirPollutionAndAllergenConcentration @ Extreme levels of air pollutants,30,3,10,Extreme levels of air pollutants,Information about local air quality (pollutants and allergens),4,md-059#004,message,Sent as push notification; To be shown only if data indicates extremely high levels of air pollutants AND if $startPoringOverCurrentAirPollutionReport=0,$startPoringOverCurrentAirPollutionReport,select one,👤 App/partner message to participant,0,no,,"Be careful! ⚠️ Pollutants are high today. Make sure to stay safe, especially if you’re outside! 🌬️🏞️ Don’t forget to review today’s air quality report.","Fii atent! ⚠️ Nivelul poluanților este ridicat astăzi. Ai grijă, mai ales dacă ești în aer liber! 🌬️🏞️ Nu uita să verifici raportul zilnic privind calitatea aerului."
r_InvitationToLookAtAirPollutionAndAllergenConcentration,r_InvitationToLookAtAirPollutionAndAllergenConcentration @ Extreme levels of air pollutants,30,3,10,Extreme levels of air pollutants,Information about local air quality (pollutants and allergens),5,md-059#005,message,Sent as push notification; To be shown only if data indicates extremely high levels of air pollutants AND if $startPoringOverCurrentAirPollutionReport=0,$startPoringOverCurrentAirPollutionReport,select one,👤 App/partner message to participant,0,no,,"Today’s air quality warning! ⚡ Pollutants are elevated, so it’s a good idea to limit outdoor time. 🌪️🌿 Check the air quality report for more details!","Avertisment privind calitatea aerului! ⚡ Poluanții sunt într-o cantitate mare azi, așa că încearcă să petreci mai puțin timp în aer liber. 🌪️🌿 Consultă raportul pentru informații complete."
r_InvitationToLookAtAirPollutionAndAllergenConcentration,r_InvitationToLookAtAirPollutionAndAllergenConcentration @ Extreme levels of air pollutants,30,3,10,Extreme levels of air pollutants,Information about local air quality (pollutants and allergens),6,md-059#006,message,Sent as push notification; To be shown only if data indicates extremely high levels of air pollutants AND if $startPoringOverCurrentAirPollutionReport=0,$startPoringOverCurrentAirPollutionReport,select one,👤 App/partner message to participant,0,no,,Watch out! ⚠️ The air quality is poor today with high levels of pollutants. Try to stay indoors if you can! 🏡🌬️ See the full air quality report for the latest updates.,"Atenție! ⚠️ Aerul este astăzi poluat și calitatea este slabă. Dacă poți, rămâi în casă! 🏡🌬️ Verifică raportul complet pentru ultimele noutăți."
r_InvitationToLookAtAirPollutionAndAllergenConcentration,r_InvitationToLookAtAirPollutionAndAllergenConcentration @ Extreme levels of air pollutants,30,3,10,Extreme levels of air pollutants,Information about local air quality (pollutants and allergens),7,md-059#007,message,Sent as push notification; To be shown only if data indicates extremely high levels of air pollutants AND if $startPoringOverCurrentAirPollutionReport=0,$startPoringOverCurrentAirPollutionReport,select one,👤 App/partner message to participant,0,no,,Important! 🚦 The air has higher-than-usual pollutants today. Take it easy and be cautious outside! 🌿🚧 Don’t forget to check the air quality report.,Important! 🚦 Azi în aer sunt mai mulți poluanți decât de obicei. Fii precaut și ai grijă când ești afară! 🌿🚧 Nu uita să consulți raportul despre calitatea aerului.
r_InvitationToLookAtAirPollutionAndAllergenConcentration,r_InvitationToLookAtAirPollutionAndAllergenConcentration @ Extreme levels of air pollutants,30,3,10,Extreme levels of air pollutants,Information about local air quality (pollutants and allergens),8,md-059#008,message,Sent as push notification; To be shown only if data indicates extremely high levels of air pollutants AND if $startPoringOverCurrentAirPollutionReport=0,$startPoringOverCurrentAirPollutionReport,select one,👤 App/partner message to participant,0,no,,Air quality alert! ⚠️ Pollutants are higher than normal today—take precautions if you go out! 🌬️💨 Check out the current air quality report for more info.,Alertă! ⚠️ Poluanții sunt mai mulți decât în mod obișnuit astăzi – ia măsuri dacă trebuie să ieși afară! 🌬️💨 Vezi raportul actual pentru detalii suplimentare.
r_InvitationToLookAtAirPollutionAndAllergenConcentration,r_InvitationToLookAtAirPollutionAndAllergenConcentration @ Extreme levels of air pollutants,30,3,10,Extreme levels of air pollutants,Information about local air quality (pollutants and allergens),9,md-059#009,message,Sent as push notification; To be shown only if data indicates extremely high levels of air pollutants AND if $startPoringOverCurrentAirPollutionReport=0,$startPoringOverCurrentAirPollutionReport,select one,👤 App/partner message to participant,0,no,,Warning! 🚨 The air today has high levels of pollutants. It’s best to stay indoors! 🌍💨🌿 Take a look at the air quality report for full details.,Avertisment! 🚨 Aerul de azi conține niveluri ridicate de poluanți. Cel mai bine e să stai în casă! 🌍💨🌿 Consultă raportul pentru informații complete.
r_InvitationToLookAtAirPollutionAndAllergenConcentration,r_InvitationToLookAtAirPollutionAndAllergenConcentration @ Extreme levels of air pollutants,30,3,10,Extreme levels of air pollutants,Information about local air quality (pollutants and allergens),10,md-059#010,message,Sent as push notification; To be shown only if data indicates extremely high levels of air pollutants AND if $startPoringOverCurrentAirPollutionReport=0,$startPoringOverCurrentAirPollutionReport,select one,👤 App/partner message to participant,0,no,,Heads up! ⚠️ Pollutants are up today—watch out and take extra care when going outside! 🏞️🌬️ Be sure to review today’s air quality report.,Fii vigilent! ⚠️ Poluanții cresc astăzi – fii atent și adoptă prudență când ieși afară! 🏞️🌬️ Nu uita să verifici raportul zilnic privind calitatea aerului.
r_PromptForHealthLiteracyQuiz_Stage1,r_PromptForHealthLiteracyQuiz_Stage1 @ Prompt patient to answer health literacy questions,10,1,10,Prompt patient to answer health literacy questions,,2,md-060#002,message,To be shown after the patient has engaged with a certain educational content,$readinessForHealthLiteracyQuiz,select one,👤 App/partner message to participant,0,no,,Great job exploring that asthma content! 🎉 Ready for a quick quiz to check what you learned? 🧠📚,Minunat că ai explorat acest conținut despre astm! 🎉 Ești pregătit pentru un test scurt ca să vezi cât ai reținut? 🧠📚
r_PromptForHealthLiteracyQuiz_Stage1,r_PromptForHealthLiteracyQuiz_Stage1 @ Prompt patient to answer health literacy questions,10,1,10,Prompt patient to answer health literacy questions,,3,md-060#003,message,To be shown after the patient has engaged with a certain educational content,$readinessForHealthLiteracyQuiz,select one,👤 App/partner message to participant,0,no,,You’re doing awesome! 🌟 How about answering a few questions to see if you’ve mastered the info? 📝💡,Te descurci grozav! 🌟 Ce-ai zice să răspunzi la câteva întrebări și să vezi cât de bine ai însușit informațiile? 📝💡
r_PromptForHealthLiteracyQuiz_Stage1,r_PromptForHealthLiteracyQuiz_Stage1 @ Prompt patient to answer health literacy questions,10,1,10,Prompt patient to answer health literacy questions,,4,md-060#004,message,To be shown after the patient has engaged with a certain educational content,$readinessForHealthLiteracyQuiz,select one,👤 App/partner message to participant,0,no,,"Way to go! 👏 Now, let’s see what you remember with a fun quiz! Ready to test your knowledge? 🎯🧠",Foarte bine! 👏 Acum hai să verificăm cât de multe ți-ai amintit cu un test amuzant! Ești gata să-ți testezi cunoștințele? 🎯🧠
r_PromptForHealthLiteracyQuiz_Stage1,r_PromptForHealthLiteracyQuiz_Stage1 @ Prompt patient to answer health literacy questions,10,1,10,Prompt patient to answer health literacy questions,,5,md-060#005,message,To be shown after the patient has engaged with a certain educational content,$readinessForHealthLiteracyQuiz,select one,👤 App/partner message to participant,0,no,,Nice work diving into that content! 🎬 Let’s take a short quiz to see how much you’ve learned. You got this! 💪📖,"Bine ai făcut, că te-ai aprofundat în acest conținut! 🎬 Hai să facem un test rapid ca să vedem ce ai învățat. Te-ai descurcat excelent! 💪📖"
r_PromptForHealthLiteracyQuiz_Stage1,r_PromptForHealthLiteracyQuiz_Stage1 @ Prompt patient to answer health literacy questions,10,1,10,Prompt patient to answer health literacy questions,,6,md-060#006,message,To be shown after the patient has engaged with a certain educational content,$readinessForHealthLiteracyQuiz,select one,👤 App/partner message to participant,0,no,,Awesome! 🌈 Let’s do a quick check to make sure you’ve caught all the important asthma facts. Are you in? 📝🧠,Super! 🌈 Hai să facem o verificare rapidă ca să ne asigurăm că ai reținut toate detaliile importante despre astm. Ești de acord? 📝🧠
r_PromptForHealthLiteracyQuiz_Stage1,r_PromptForHealthLiteracyQuiz_Stage1 @ Prompt patient to answer health literacy questions,10,1,10,Prompt patient to answer health literacy questions,,7,md-060#007,message,To be shown after the patient has engaged with a certain educational content,$readinessForHealthLiteracyQuiz,select one,👤 App/partner message to participant,0,no,,"You crushed that learning session! 🚀 Now, let’s see if you can ace a few questions about what you learned. 🎯🎓",Ai făcut o treabă excelentă în această sesiune! 🚀 Acum să vedem dacă poți răspunde la câteva întrebări despre ce ai învățat. 🎯🎓
r_PromptForHealthLiteracyQuiz_Stage1,r_PromptForHealthLiteracyQuiz_Stage1 @ Prompt patient to answer health literacy questions,10,1,10,Prompt patient to answer health literacy questions,,8,md-060#008,message,To be shown after the patient has engaged with a certain educational content,$readinessForHealthLiteracyQuiz,select one,👤 App/partner message to participant,0,no,,Good job! 👏 Want to test how well you understood the key points with a quick quiz? It’ll be fun! 🎉💡,Felicitări! 👏 Vrei să testezi cât de bine ai înțeles punctele esențiale cu un test rapid? Va fi distractiv! 🎉💡
r_PromptForHealthLiteracyQuiz_Stage1,r_PromptForHealthLiteracyQuiz_Stage1 @ Prompt patient to answer health literacy questions,10,1,10,Prompt patient to answer health literacy questions,,9,md-060#009,message,To be shown after the patient has engaged with a certain educational content,$readinessForHealthLiteracyQuiz,select one,👤 App/partner message to participant,0,no,,High-five for finishing the content! 🙌 Ready to take a quick knowledge check and show what you know? 📝🌟,Bravo pentru completarea materialului! 🙌 Ești pregătit să faci o verificare rapidă și să arăți ce știi? 📝🌟
r_PromptForHealthLiteracyQuiz_Stage1,r_PromptForHealthLiteracyQuiz_Stage1 @ Prompt patient to answer health literacy questions,10,1,10,Prompt patient to answer health literacy questions,,10,md-060#010,message,To be shown after the patient has engaged with a certain educational content,$readinessForHealthLiteracyQuiz,select one,👤 App/partner message to participant,0,no,,You did great! 🌟 Let’s take a couple of minutes to review what you learned with a short quiz. You’re on fire! 🔥💪,Te-ai descurcat foarte bine! 🌟 Hai să recapitulăm rapid printr-un test scurt. Ești în formă maximă! 🔥💪
r_PromptForHealthLiteracyQuiz_Stage1,r_PromptForHealthLiteracyQuiz_Stage1 @ Prompt patient to answer health literacy questions,10,1,10,Prompt patient to answer health literacy questions,,11,md-060#011,message,To be shown after the patient has engaged with a certain educational content,$readinessForHealthLiteracyQuiz,select one,👤 App/partner message to participant,0,no,,You’re doing so well! 🎉 How about a fun quiz to make sure you’ve got all the asthma tips down? 🧠🎯,Ești foarte bine pregătit! 🎉 Ce zici de un test distractiv ca să vezi dacă ai înțeles toate sfaturile despre astm? 🧠🎯
r_PromptForHealthLiteracyQuiz_Stage2,r_PromptForHealthLiteracyQuiz_Stage2 @ Prompt patient to answer health literacy questions,10,1,10,Prompt patient to answer health literacy questions,,12,md-060#012,message,To be shown only if $readinessForHealthLiteracyQuiz=0,$readinessForHealthLiteracyQuiz,select one,👤 App/partner message to participant,0,no,,You’re doing so well! 🎉 How about a fun quiz to make sure you’ve got all the asthma tips down? 🧠🎯,Ești foarte bine pregătit! 🎉 Ce zici de un test distractiv ca să vezi dacă ai înțeles toate sfaturile despre astm? 🧠🎯
r_PromptForHealthLiteracyQuiz_Stage2,r_PromptForHealthLiteracyQuiz_Stage2 @ Prompt patient to answer health literacy questions,10,1,10,Prompt patient to answer health literacy questions,,13,md-060#013,message,To be shown only if $readinessForHealthLiteracyQuiz=0,$readinessForHealthLiteracyQuiz,select one,👤 App/partner message to participant,0,no,,"Not feeling up for it right now? That’s okay! But remember, you’ll score reward points if you take the quiz now! 🏆💰","Nu te simți pregătit chiar acum? Nicio problemă! Totuși, nu uita: completarea testului îți aduce puncte de recompensă! 🏆💰"
r_PromptForHealthLiteracyQuiz_Stage2,r_PromptForHealthLiteracyQuiz_Stage2 @ Prompt patient to answer health literacy questions,10,1,10,Prompt patient to answer health literacy questions,,14,md-060#014,message,To be shown only if $readinessForHealthLiteracyQuiz=0,$readinessForHealthLiteracyQuiz,select one,👤 App/partner message to participant,0,no,,"It’s tempting to put it off, but the quiz is super short—and you’ll collect those reward points in no time! 🌟💎","E tentant să mai amâni puțin, dar testul e scurt și simplu – iar punctele de recompensă se adună imediat! 🌟💎"
r_PromptForHealthLiteracyQuiz_Stage2,r_PromptForHealthLiteracyQuiz_Stage2 @ Prompt patient to answer health literacy questions,10,1,10,Prompt patient to answer health literacy questions,,15,md-060#015,message,To be shown only if $readinessForHealthLiteracyQuiz=0,$readinessForHealthLiteracyQuiz,select one,👤 App/partner message to participant,0,no,,"Don’t worry, it’ll only take a few minutes! Plus, you’ll earn reward points as soon as you finish! 🎯💰",Nu îți face griji – durează doar câteva minute și primești puncte de recompensă pe loc! 🎯💰
r_PromptForHealthLiteracyQuiz_Stage2,r_PromptForHealthLiteracyQuiz_Stage2 @ Prompt patient to answer health literacy questions,10,1,10,Prompt patient to answer health literacy questions,,16,md-060#016,message,To be shown only if $readinessForHealthLiteracyQuiz=0,$readinessForHealthLiteracyQuiz,select one,👤 App/partner message to participant,0,no,,"Feel like postponing? That’s cool, but remember, your performance will be highest if you take the quiz immediately after you engaged with the educational material. And the reward points are waiting! 🏅💡","Preferi să răspunzi mai târziu? E în regulă! Dar amintește-ți că rezultatele sunt mai bune atunci când testul e făcut imediat după ce ai parcurs materialul. Și da, premiile te așteaptă! 🏅💡"
r_PromptForHealthLiteracyQuiz_Stage2,r_PromptForHealthLiteracyQuiz_Stage2 @ Prompt patient to answer health literacy questions,10,1,10,Prompt patient to answer health literacy questions,,17,md-060#017,message,To be shown only if $readinessForHealthLiteracyQuiz=0,$readinessForHealthLiteracyQuiz,select one,👤 App/partner message to participant,0,no,,I get it—maybe later sounds better. But you’re so close to earning reward points! Why not give the quiz a shot? 🎉💎,Înțeleg perfect – poate că nu e momentul ideal. Dar ești atât de aproape de recompensă! De ce să nu încerci testul acum? 🎉💎
r_PromptForHealthLiteracyQuiz_Stage2,r_PromptForHealthLiteracyQuiz_Stage2 @ Prompt patient to answer health literacy questions,10,1,10,Prompt patient to answer health literacy questions,,18,md-060#018,message,To be shown only if $readinessForHealthLiteracyQuiz=0,$readinessForHealthLiteracyQuiz,select one,👤 App/partner message to participant,0,no,,"Don’t want to do it now? No problem! But just think, you’ll get awesome reward points if you take the quiz now! 🏆💰","Nu vrei să-l faci acum? Nicio problemă! Dar, între noi fie vorba, niște puncte grozave te așteaptă dacă începi chiar acum! 🏆💰"
r_PromptForHealthLiteracyQuiz_Stage2,r_PromptForHealthLiteracyQuiz_Stage2 @ Prompt patient to answer health literacy questions,10,1,10,Prompt patient to answer health literacy questions,,19,md-060#019,message,To be shown only if $readinessForHealthLiteracyQuiz=0,$readinessForHealthLiteracyQuiz,select one,👤 App/partner message to participant,0,no,,"I know you’re thinking of waiting, but the quiz is easy, and those reward points could be yours right now! 🚀💎","Te gândești să amâni? Ok, dar testul e ușor, și punctele de recompensă pot fi ale tale în câteva clipe! 🚀💎"
r_PromptForHealthLiteracyQuiz_Stage2,r_PromptForHealthLiteracyQuiz_Stage2 @ Prompt patient to answer health literacy questions,10,1,10,Prompt patient to answer health literacy questions,,20,md-060#020,message,To be shown only if $readinessForHealthLiteracyQuiz=0,$readinessForHealthLiteracyQuiz,select one,👤 App/partner message to participant,0,no,,"It’s totally fine if you want to wait, but if you take the quiz now, those reward points will be yours instantly! 🎯💰","E în ordine dacă vrei să mai aștepți. Totuși, completarea testului acum îți aduce puncte instantaneu! 🎯💰"
r_PromptForHealthLiteracyQuiz_Stage2,r_PromptForHealthLiteracyQuiz_Stage2 @ Prompt patient to answer health literacy questions,10,1,10,Prompt patient to answer health literacy questions,,21,md-060#021,message,To be shown only if $readinessForHealthLiteracyQuiz=0,$readinessForHealthLiteracyQuiz,select one,👤 App/partner message to participant,0,no,,"Postponing is okay, but remember, your performance will be highest if you take the quiz immediately after you engaged with the educational material. Wouldn’t it be great to earn reward points now? The quiz is completed in no time! 🏅💡","E firesc să mai amâni uneori, dar eficiența e mai mare când testezi cunoștințele imediat după învățare. În plus, punctele de recompensă nu așteaptă! Testul durează doar câteva minute! 🏅💡"
r_PostponeHealthLiteracyQuiz,r_PostponeHealthLiteracyQuiz @ Prompt patient to answer health literacy questions,2,1,2,Prompt patient to answer health literacy questions,,22,md-060#022,message,To be shown only if $readinessForHealthLiteracyQuiz=0,$timeDelayForHealthLiteracyQuiz,select one,👤 App/partner message to participant,0,no,,When would you like to be reminded again?,Când ai vrea să îți reamintim din nou?
r_PostponeHealthLiteracyQuiz,r_PostponeHealthLiteracyQuiz @ Prompt patient to answer health literacy questions,2,1,2,Prompt patient to answer health literacy questions,,23,md-060#023,message,To be shown only if $readinessForHealthLiteracyQuiz=0,$timeDelayForHealthLiteracyQuiz,select one,👤 App/partner message to participant,0,no,,What would be a good time for taking the quiz?,Când ar fi un moment potrivit pentru tine să răspunzi la chestionar?
r_InquireNewTimeForACQ,r_InquireNewTimeForACQ @ Prompt patient to answer health literacy questions,2,2,1,Prompt patient to answer health literacy questions,,24,md-060#024,message,To be shown if $timeDelayForHealthLiteracyQuiz=4,$newTimeForHealthLiteracyQuiz,time,👤 App/partner message to participant,0,no,,Regarding that quiz...,În legătură cu testul...
r_PromptForFAQs_Stage1,r_PromptForFAQs_Stage1 @ Inform the patient about the list of FAQs,10,1,10,Inform the patient about the list of FAQs,,2,md-061#002,message,To be shown during the first 2 weeks after enrollment and then every 3 months.,$readinessToLookAtFAQs,select one,👤 App/partner message to participant,0,no,,Got questions about asthma? 🤔 We’ve got answers! Check out the FAQ list for everything you need to know! 🌟💬,Ai  întrebări legate de astm? 🤔 Noi avem răspunsurile! Aruncă o privire peste întrebările frecvente și află tot ce trebuie să știi! 🌟💬
r_PromptForFAQs_Stage1,r_PromptForFAQs_Stage1 @ Inform the patient about the list of FAQs,10,1,10,Inform the patient about the list of FAQs,,3,md-061#003,message,To be shown during the first 2 weeks after enrollment and then every 3 months.,$readinessToLookAtFAQs,select one,👤 App/partner message to participant,0,no,,Curious about how asthma works or how to manage it? 🧐 Dive into our FAQs for quick and helpful answers! 📚💨,Te întrebi cum funcționează astmul sau cum îl poți trata mai bine? 🧐 Găsești răspunsuri rapide și clare în secțiunea noastră de întrebări frecvente! 📚💨
r_PromptForFAQs_Stage1,r_PromptForFAQs_Stage1 @ Inform the patient about the list of FAQs,10,1,10,Inform the patient about the list of FAQs,,4,md-061#004,message,To be shown during the first 2 weeks after enrollment and then every 3 months.,$readinessToLookAtFAQs,select one,👤 App/partner message to participant,0,no,,"Hey! 😊 If you’ve got questions about asthma treatments or managing it better, check out the FAQ list! It’s full of answers! 📝💡","Hei! 😊 Dacă vrei să afli mai multe despre tratamentele pentru astm sau cum să-l gestionezi mai ușor, nu rata lista noastră de întrebări frecvente – e plină de informații utile! 📝💡"
r_PromptForFAQs_Stage1,r_PromptForFAQs_Stage1 @ Inform the patient about the list of FAQs,10,1,10,Inform the patient about the list of FAQs,,5,md-061#005,message,To be shown during the first 2 weeks after enrollment and then every 3 months.,$readinessToLookAtFAQs,select one,👤 App/partner message to participant,0,no,,Not sure about something? ❓ No worries! Our asthma FAQ section has all the answers you need! 💬🌬️,Nu ești sigur de ceva? ❓ Nicio problemă! Răsfoiește FAQ-ul nostru despre astm și vei găsi toate răspunsurile! 💬🌬️
r_PromptForFAQs_Stage1,r_PromptForFAQs_Stage1 @ Inform the patient about the list of FAQs,10,1,10,Inform the patient about the list of FAQs,,6,md-061#006,message,To be shown during the first 2 weeks after enrollment and then every 3 months.,$readinessToLookAtFAQs,select one,👤 App/partner message to participant,0,no,,Got asthma questions? 🙋 We’ve got a whole list of FAQs just for you—find out everything you want to know! 📖✨,Ai întrebări despre astm? 🙋 Avem o listă completă de întrebări frecvente special pentru tine – descoperă tot ce te interesează! 📖✨
r_PromptForFAQs_Stage1,r_PromptForFAQs_Stage1 @ Inform the patient about the list of FAQs,10,1,10,Inform the patient about the list of FAQs,,7,md-061#007,message,To be shown during the first 2 weeks after enrollment and then every 3 months.,$readinessToLookAtFAQs,select one,👤 App/partner message to participant,0,no,,"Check out the FAQs! 💡 If you’re curious about asthma treatments or management tips, we’ve got answers waiting for you! 📲","Curios despre tratamentele pentru astm sau vrei câteva sfaturi de gestionare, noi avem răspunsurile care te așteaptă! 📲  Aruncă o privire peste întrebările frecvente!  💡"
r_PromptForFAQs_Stage1,r_PromptForFAQs_Stage1 @ Inform the patient about the list of FAQs,10,1,10,Inform the patient about the list of FAQs,,8,md-061#008,message,To be shown during the first 2 weeks after enrollment and then every 3 months.,$readinessToLookAtFAQs,select one,👤 App/partner message to participant,0,no,,"If you’re wondering about asthma or treatments, the FAQ section has tons of answers to help you out! 📝💬","Dacă te frământă ceva legat de astm sau tratamente, secțiunea Întrebări frecvente e plină de informații utile pentru tine! 📝💬"
r_PromptForFAQs_Stage1,r_PromptForFAQs_Stage1 @ Inform the patient about the list of FAQs,10,1,10,Inform the patient about the list of FAQs,,9,md-061#009,message,To be shown during the first 2 weeks after enrollment and then every 3 months.,$readinessToLookAtFAQs,select one,👤 App/partner message to participant,0,no,,Questions about asthma? We’ve made a super helpful FAQ list that has all the answers you’re looking for! 🌟📚,Te întrebi ceva despre astm? Am pregătit o listă super practică de întrebări frecvente care îți oferă toate răspunsurile de care ai nevoie! 🌟📚
r_PromptForFAQs_Stage1,r_PromptForFAQs_Stage1 @ Inform the patient about the list of FAQs,10,1,10,Inform the patient about the list of FAQs,,10,md-061#010,message,To be shown during the first 2 weeks after enrollment and then every 3 months.,$readinessToLookAtFAQs,select one,👤 App/partner message to participant,0,no,,Wondering how to manage your asthma better? 🧐 Our FAQ section has answers to all your burning questions! 💬💡,Te întrebi cum să-ți gestionezi mai bine astmul? 🧐 Secțiunea noastră de întrebări frecvente are răspunsuri la toate întrebările tale arzătoare! 💬💡
r_PromptForFAQs_Stage1,r_PromptForFAQs_Stage1 @ Inform the patient about the list of FAQs,10,1,10,Inform the patient about the list of FAQs,,11,md-061#011,message,To be shown during the first 2 weeks after enrollment and then every 3 months.,$readinessToLookAtFAQs,select one,👤 App/partner message to participant,0,no,,Need quick answers about asthma? 🌬️ Check out the FAQ list—it’s packed with info on treatments and management! 📖💡,Ai nevoie de câteva răspunsuri rapide despre astm? 🌬️ Aruncă o privire la lista de întrebări frecvente - este plină de informații despre tratamente și gestionare! 📖💡
r_PromptForFAQs_Stage2,r_PromptForFAQs_Stage2 @ Inform the patient about the list of FAQs,5,1,5,Inform the patient about the list of FAQs,,12,md-061#012,message,"To be shown only if $readinessToLookAtFAQs=0. After this message is shown, the value of the variable $newTimeForReminderAboutFAQs should be set to 1.",$readinessToLookAtFAQs,expects NO answer,👤 App/partner message to participant,0,no,,That’s totally okay! 👍 You can explore the FAQs anytime you feel ready! I’ll be here to help when you’re set! 🌟📖 I’ll remind you another day!,Este perfect normal! 👍 Poți explora FAQ atunci când ești gata! Voi fi aici să te ajut când vei fi pregătit! 🌟📖 Îți voi aminti într-o altă zi!
r_PromptForFAQs_Stage2,r_PromptForFAQs_Stage2 @ Inform the patient about the list of FAQs,5,1,5,Inform the patient about the list of FAQs,,13,md-061#013,message,"To be shown only if $readinessToLookAtFAQs=0. After this message is shown, the value of the variable $newTimeForReminderAboutFAQs should be set to 1.",$readinessToLookAtFAQs,expects NO answer,👤 App/partner message to participant,0,no,,No problem! 😊 The FAQs will be here whenever you're ready! I’ll remind you another time! 💬📚,Nicio problemă 😊 Întrebările frecvente vor fi aici de îndată ce ești gata! Îți voi reaminti altă dată! 💬📚
r_PromptForFAQs_Stage2,r_PromptForFAQs_Stage2 @ Inform the patient about the list of FAQs,5,1,5,Inform the patient about the list of FAQs,,14,md-061#014,message,"To be shown only if $readinessToLookAtFAQs=0. After this message is shown, the value of the variable $newTimeForReminderAboutFAQs should be set to 1.",$readinessToLookAtFAQs,expects NO answer,👤 App/partner message to participant,0,no,,"Got it! 📅 The FAQs aren’t going anywhere—whenever you’re ready to dive in, they’ll be waiting! 💡🔍 I’ll remind in a couple of weeks!","Am înțeles! 📅 Întrebările frecvente nu pleacă nicăieri - când ești gata să te scufunzi în ele, te vor aștepta! 💡🔍 Îți voi reaminti în câteva săptămâni!"
r_PromptForFAQs_Stage2,r_PromptForFAQs_Stage2 @ Inform the patient about the list of FAQs,5,1,5,Inform the patient about the list of FAQs,,15,md-061#015,message,"To be shown only if $readinessToLookAtFAQs=0. After this message is shown, the value of the variable $newTimeForReminderAboutFAQs should be set to 1.",$readinessToLookAtFAQs,expects NO answer,👤 App/partner message to participant,0,no,,No rush at all! 🙌 The FAQs will still be here when you’re ready to read them. I’ll remind you another day! 💬💡,Nu e nicio grabă! 🙌 Întrebările frecvente vor fi tot acolo când vei fi gata să le citești. Îți voi reaminti într-o altă zi! 💬💡
r_PromptForFAQs_Stage2,r_PromptForFAQs_Stage2 @ Inform the patient about the list of FAQs,5,1,5,Inform the patient about the list of FAQs,,16,md-061#016,message,"To be shown only if $readinessToLookAtFAQs=0. After this message is shown, the value of the variable $newTimeForReminderAboutFAQs should be set to 1.",$readinessToLookAtFAQs,expects NO answer,👤 App/partner message to participant,0,no,,Sounds good! 😊 The FAQs will be ready whenever you are! 📚✨ I’ll remind you again in a few weeks!,Sună bine pentru mine! 😊 Întrebările frecvente vor fi gata când vei fi tu! 📚✨ Îți voi aminti din nou peste câteva săptămâni!
r_PromptForACQ_Stage2,r_PromptForACQ_Stage2 @ Attic,2,2,1,Attic,,34,md-066#034,message,Ask user whether this is a good time point to fill out the ACQ,,select one,👤 App/partner message to participant,0,no,,Is this a good time point to fill out your asthma test? 📋💖📈🤗,Este un moment bun ca să faci testul de astm? 📋💖📈🤗
r_StartACQ,r_StartACQ @ Attic,1,1,1,Attic,,35,md-066#035,message,"To be shown if $readinessForACQ=1. If left unresponded by the user, after 10 minutes the variable $fillOutACQStart should be set equal to 0 and the chatbot should move on to the next message in the dialogue.",$fillOutACQStart,select one,👤 App/partner message to participant,1,no,$readinessForACQ calculated value equals 1,Please tap when ready!,Apasă butonul când ești gata!
r_InquireNewTimeForACQ,r_InquireNewTimeForACQ @ Attic,2,2,1,Attic,,37,md-066#037,message,To be shown if $timeDelayForACQ=4,$newTimeForACQ,time,👤 App/partner message to participant,1,no,$timeDelayForACQ calculated value equals 4,Regarding that asthma questionnaire...,Despre chestionarul pentru astm...
r_PostponeSpirometry,r_PostponeSpirometry @ Attic,5,2,1,Attic,,41,md-066#041,message,To be shown if no readiness for spirometry or if spirometer not within reach or if spirometry was not actually started or unsuccessful,$mySpiro_timeDelayForSpirometry,select one,👤 App/partner message to participant,2,no,$spiroMesNumberOfDelayedRemindersIssued calculated value is smaller or equal than $userSetMaxNumberOfDailySpirometryPostponements ; $mySpiro_AllowAdditionalSpirometryReminders calculated value is bigger than 0,What would be a good time for spirometry today?,La ce oră ai vrea să faci testul de spirometrie azi?
r_InquireNewTimeForSpirometry,r_InquireNewTimeForSpirometry @ Attic,2,2,1,Attic,,42,md-066#042,message,To be shown if $mySpiro_timeDelayForSpirometry=4,$mySpiro_newTimeForSpirometry,time,👤 App/partner message to participant,2,no,$mySpiro_timeDelayForSpirometry calculated value equals 4 ; $mySpiro_AllowAdditionalSpirometryReminders calculated value is bigger than 0,Please enter the time at which you would like to carry out your spirometry measurement today.,Introduce te rog ora la care vrei să faci testul de spirometrie azi.
r_MorningGreetingsAndInquiryLastNightSleep,r_MorningGreetingsAndInquiryLastNightSleep @ Morning greetings + inquire about sleep,35,1,35,Morning greetings + inquire about sleep,Attic,1,md-067#001,message,Contingent on sleep monitoring data,$sleepQualityLastNight,likert silent,👤 App/partner message to participant,0,no,,Good morning! How did you sleep?,Bună dimineața! Cum ai dormit?
r_MorningGreetingsAndInquiryLastNightSleep,r_MorningGreetingsAndInquiryLastNightSleep @ Morning greetings + inquire about sleep,35,1,35,Morning greetings + inquire about sleep,Attic,2,md-067#002,message,Contingent on sleep monitoring data,$sleepQualityLastNight,likert silent,👤 App/partner message to participant,0,no,,Good morning $participantName! How did you sleep?,Bună dimineața $participantName! Cum ai dormit?
r_MorningGreetingsAndInquiryLastNightSleep,r_MorningGreetingsAndInquiryLastNightSleep @ Morning greetings + inquire about sleep,35,1,35,Morning greetings + inquire about sleep,Attic,3,md-067#003,message,Contingent on sleep monitoring data,$sleepQualityLastNight,likert,👤 App/partner message to participant,0,no,,Morning! How was your sleep?,Bună! Cum ai dormit?
r_MorningGreetingsAndInquiryLastNightSleep,r_MorningGreetingsAndInquiryLastNightSleep @ Morning greetings + inquire about sleep,35,1,35,Morning greetings + inquire about sleep,Attic,4,md-067#004,message,Contingent on sleep monitoring data,$sleepQualityLastNight,likert,👤 App/partner message to participant,0,no,,Morning $participantName! How was your sleep?,Bună dimineața $participantName! Cum a fost somnul tău?
r_MorningGreetingsAndInquiryLastNightSleep,r_MorningGreetingsAndInquiryLastNightSleep @ Morning greetings + inquire about sleep,35,1,35,Morning greetings + inquire about sleep,Attic,5,md-067#005,message,Contingent on sleep monitoring data,$sleepQualityLastNight,likert silent,👤 App/partner message to participant,0,no,,Good morning! Did you sleep well?,Bună dimineața!  Ai dormit bine?
r_MorningGreetingsAndInquiryLastNightSleep,r_MorningGreetingsAndInquiryLastNightSleep @ Morning greetings + inquire about sleep,35,1,35,Morning greetings + inquire about sleep,Attic,6,md-067#006,message,Contingent on sleep monitoring data,$sleepQualityLastNight,likert silent,👤 App/partner message to participant,0,no,,Good morning $participantName! Did you sleep well?,Bună dimineața $participantName! Ai dormit bine?
r_MorningGreetingsAndInquiryLastNightSleep,r_MorningGreetingsAndInquiryLastNightSleep @ Morning greetings + inquire about sleep,35,1,35,Morning greetings + inquire about sleep,Attic,7,md-067#007,message,Contingent on sleep monitoring data,$sleepQualityLastNight,likert silent,👤 App/partner message to participant,0,no,,Hi! How did you sleep last night?,Cum ai dormit noaptea trecută?
r_MorningGreetingsAndInquiryLastNightSleep,r_MorningGreetingsAndInquiryLastNightSleep @ Morning greetings + inquire about sleep,35,1,35,Morning greetings + inquire about sleep,Attic,8,md-067#008,message,Contingent on sleep monitoring data,$sleepQualityLastNight,likert silent,👤 App/partner message to participant,0,no,,Hi $participantName! How did you sleep last night?,Bună dimineața $participantName! Cum ai dormit noaptea trecută?
r_MorningGreetingsAndInquiryLastNightSleep,r_MorningGreetingsAndInquiryLastNightSleep @ Morning greetings + inquire about sleep,35,1,35,Morning greetings + inquire about sleep,Attic,9,md-067#009,message,Contingent on sleep monitoring data,$sleepQualityLastNight,likert slider,👤 App/partner message to participant,0,no,,Morning! Hope you woke up feeling great.,Salut! Sper că te-ai trezit simțindu-te bine.
r_MorningGreetingsAndInquiryLastNightSleep,r_MorningGreetingsAndInquiryLastNightSleep @ Morning greetings + inquire about sleep,35,1,35,Morning greetings + inquire about sleep,Attic,10,md-067#010,message,Contingent on sleep monitoring data,$sleepQualityLastNight,likert slider,👤 App/partner message to participant,0,no,,Morning $participantName! Hope you woke up feeling great.,"Bună dimineața, $participantName! Sper că te-ai trezit odihnit și plin de energie."
r_MorningGreetingsAndInquiryLastNightSleep,r_MorningGreetingsAndInquiryLastNightSleep @ Morning greetings + inquire about sleep,35,1,35,Morning greetings + inquire about sleep,Attic,11,md-067#011,message,Contingent on sleep monitoring data,$sleepQualityLastNight,likert silent,👤 App/partner message to participant,0,no,,Hey! How was your night? Did you sleep okay?,Cum a fost noaptea ta? Ai dormit bine?
r_MorningGreetingsAndInquiryLastNightSleep,r_MorningGreetingsAndInquiryLastNightSleep @ Morning greetings + inquire about sleep,35,1,35,Morning greetings + inquire about sleep,Attic,12,md-067#012,message,Contingent on sleep monitoring data,$sleepQualityLastNight,likert slider,👤 App/partner message to participant,0,no,,Good morning! How’s your energy today?,Bună dimineața! Cum este nivelul tău de energie astăzi?
r_MorningGreetingsAndInquiryLastNightSleep,r_MorningGreetingsAndInquiryLastNightSleep @ Morning greetings + inquire about sleep,35,1,35,Morning greetings + inquire about sleep,Attic,13,md-067#013,message,Contingent on sleep monitoring data,$sleepQualityLastNight,likert slider,👤 App/partner message to participant,0,no,,Good morning $participantName! How’s your energy today?,Bună ziua $participantName! Cum este nivelul tău de energie astăzi?
r_MorningGreetingsAndInquiryLastNightSleep,r_MorningGreetingsAndInquiryLastNightSleep @ Morning greetings + inquire about sleep,35,1,35,Morning greetings + inquire about sleep,Attic,14,md-067#014,message,Contingent on sleep monitoring data,$sleepQualityLastNight,likert slider,👤 App/partner message to participant,0,no,,Morning! Did you get enough rest?,Neața! Ai avut parte de odihnă suficientă?
r_MorningGreetingsAndInquiryLastNightSleep,r_MorningGreetingsAndInquiryLastNightSleep @ Morning greetings + inquire about sleep,35,1,35,Morning greetings + inquire about sleep,Attic,15,md-067#015,message,Contingent on sleep monitoring data,$sleepQualityLastNight,likert slider,👤 App/partner message to participant,0,no,,Morning $participantName! Did you get enough rest?,Neața $participantName! Te-ai odihnit suficient?
r_MorningGreetingsAndInquiryLastNightSleep,r_MorningGreetingsAndInquiryLastNightSleep @ Morning greetings + inquire about sleep,35,1,35,Morning greetings + inquire about sleep,Attic,16,md-067#016,message,Contingent on sleep monitoring data,$sleepQualityLastNight,likert silent,👤 App/partner message to participant,0,no,,Hi there! How did you sleep?,Salutare! Cum ai dormit?
r_MorningGreetingsAndInquiryLastNightSleep,r_MorningGreetingsAndInquiryLastNightSleep @ Morning greetings + inquire about sleep,35,1,35,Morning greetings + inquire about sleep,Attic,17,md-067#017,message,Contingent on sleep monitoring data,$sleepQualityLastNight,likert slider,👤 App/partner message to participant,0,no,,Good morning! Hope you slept peacefully.,Bună dimineața! Sper că ai dormit liniştit.
r_MorningGreetingsAndInquiryLastNightSleep,r_MorningGreetingsAndInquiryLastNightSleep @ Morning greetings + inquire about sleep,35,1,35,Morning greetings + inquire about sleep,Attic,18,md-067#018,message,Contingent on sleep monitoring data,$sleepQualityLastNight,likert slider,👤 App/partner message to participant,0,no,,Good morning $participantName! Hope you slept peacefully.,Bună dimineața! $participantName! Sper că ai dormit liniştit.
r_MorningGreetingsAndInquiryLastNightSleep,r_MorningGreetingsAndInquiryLastNightSleep @ Morning greetings + inquire about sleep,35,1,35,Morning greetings + inquire about sleep,Attic,19,md-067#019,message,Contingent on sleep monitoring data,$sleepQualityLastNight,likert slider,👤 App/partner message to participant,0,no,,Hey! How was your rest last night?,Hei! Cum te-ai odihnit noaptea trecută?
r_MorningGreetingsAndInquiryLastNightSleep,r_MorningGreetingsAndInquiryLastNightSleep @ Morning greetings + inquire about sleep,35,1,35,Morning greetings + inquire about sleep,Attic,20,md-067#020,message,Contingent on sleep monitoring data,$sleepQualityLastNight,likert slider,👤 App/partner message to participant,0,no,,Morning! Did you have a good night’s sleep?,Neața! Ai dormit bine noaptea?
r_MorningGreetingsAndInquiryLastNightSleep,r_MorningGreetingsAndInquiryLastNightSleep @ Morning greetings + inquire about sleep,35,1,35,Morning greetings + inquire about sleep,Attic,21,md-067#021,message,Contingent on sleep monitoring data,$sleepQualityLastNight,likert slider,👤 App/partner message to participant,0,no,,Morning $participantName! Did you have a good night’s sleep?,Neața! $participantName! Ai dormit bine noaptea trecută?
r_MorningGreetingsAndInquiryLastNightSleep,r_MorningGreetingsAndInquiryLastNightSleep @ Morning greetings + inquire about sleep,35,1,35,Morning greetings + inquire about sleep,Attic,22,md-067#022,message,Contingent on sleep monitoring data,$sleepQualityLastNight,likert slider,👤 App/partner message to participant,0,no,,Hi! How was your sleep? Feeling rested?,Bună! Cum a fost somnul tău? Te simți odihnit?
r_MorningGreetingsAndInquiryLastNightSleep,r_MorningGreetingsAndInquiryLastNightSleep @ Morning greetings + inquire about sleep,35,1,35,Morning greetings + inquire about sleep,Attic,23,md-067#023,message,Contingent on sleep monitoring data,$sleepQualityLastNight,likert slider,👤 App/partner message to participant,0,no,,Hi $participantName! How was your sleep? Feeling rested?,Ciau $participantName! Cum a fost somnul tău? Te simți odihnit?
r_MorningGreetingsAndInquiryLastNightSleep,r_MorningGreetingsAndInquiryLastNightSleep @ Morning greetings + inquire about sleep,35,1,35,Morning greetings + inquire about sleep,Attic,24,md-067#024,message,Contingent on sleep monitoring data,$sleepQualityLastNight,likert slider,👤 App/partner message to participant,0,no,,Good morning! How did you sleep? Ready for the day?,Bună dimineața! Cum ai dormit? Ești pregătit pentru ziua de azi?
r_MorningGreetingsAndInquiryLastNightSleep,r_MorningGreetingsAndInquiryLastNightSleep @ Morning greetings + inquire about sleep,35,1,35,Morning greetings + inquire about sleep,Attic,25,md-067#025,message,Contingent on sleep monitoring data,$sleepQualityLastNight,likert slider,👤 App/partner message to participant,0,no,,Good morning $participantName! How did you sleep? Ready for the day?,Bună dimineața $participantName! Cum ai dormit? Ești pregătit pentru această zi?
r_MorningGreetingsAndInquiryLastNightSleep,r_MorningGreetingsAndInquiryLastNightSleep @ Morning greetings + inquire about sleep,35,1,35,Morning greetings + inquire about sleep,Attic,26,md-067#026,message,Contingent on sleep monitoring data,$sleepQualityLastNight,likert,👤 App/partner message to participant,0,no,,Hey there! Hope your sleep was good.,Ciau! Sper că ai dormit bine.
r_MorningGreetingsAndInquiryLastNightSleep,r_MorningGreetingsAndInquiryLastNightSleep @ Morning greetings + inquire about sleep,35,1,35,Morning greetings + inquire about sleep,Attic,27,md-067#027,message,Contingent on sleep monitoring data,$sleepQualityLastNight,likert,👤 App/partner message to participant,0,no,,Hi! How was your sleep last night?,Salut! Cum ai dormit noaptea trecută?
r_MorningGreetingsAndInquiryLastNightSleep,r_MorningGreetingsAndInquiryLastNightSleep @ Morning greetings + inquire about sleep,35,1,35,Morning greetings + inquire about sleep,Attic,28,md-067#028,message,Contingent on sleep monitoring data,$sleepQualityLastNight,likert,👤 App/partner message to participant,0,no,,Hi $participantName! How was your sleep last night?,Salut $participantName! Cum ai dormit noaptea trecută?
r_MorningGreetingsAndInquiryLastNightSleep,r_MorningGreetingsAndInquiryLastNightSleep @ Morning greetings + inquire about sleep,35,1,35,Morning greetings + inquire about sleep,Attic,29,md-067#029,message,Contingent on sleep monitoring data,$sleepQualityLastNight,likert slider,👤 App/partner message to participant,0,no,,Morning! Hope you slept well and feel refreshed!,Neața! Sper că ai dormit bine și te simți revigorat!
r_MorningGreetingsAndInquiryLastNightSleep,r_MorningGreetingsAndInquiryLastNightSleep @ Morning greetings + inquire about sleep,35,1,35,Morning greetings + inquire about sleep,Attic,30,md-067#030,message,Contingent on sleep monitoring data,$sleepQualityLastNight,likert slider,👤 App/partner message to participant,0,no,,Morning $participantName! Hope you slept well and feel refreshed!,Neața $participantName! Sper că ai dormit bine și te simți revigorat!
r_MorningGreetingsAndInquiryLastNightSleep,r_MorningGreetingsAndInquiryLastNightSleep @ Morning greetings + inquire about sleep,35,1,35,Morning greetings + inquire about sleep,Attic,31,md-067#031,message,Contingent on sleep monitoring data,$sleepQualityLastNight,likert slider,👤 App/partner message to participant,0,no,,Hey there! Hope you had a restful night.,Salut! Sper că ai avut o noapte odihnitoare.
r_MorningGreetingsAndInquiryLastNightSleep,r_MorningGreetingsAndInquiryLastNightSleep @ Morning greetings + inquire about sleep,35,1,35,Morning greetings + inquire about sleep,Attic,32,md-067#032,message,Contingent on sleep monitoring data,$sleepQualityLastNight,likert slider,👤 App/partner message to participant,0,no,,Good morning! Did you have a restful night?,Bună dimineața! Ai avut o noapte odihnitoare?
r_MorningGreetingsAndInquiryLastNightSleep,r_MorningGreetingsAndInquiryLastNightSleep @ Morning greetings + inquire about sleep,35,1,35,Morning greetings + inquire about sleep,Attic,33,md-067#033,message,Contingent on sleep monitoring data,$sleepQualityLastNight,likert slider,👤 App/partner message to participant,0,no,,Good morning $participantName! Did you have a restful night?,Bună dimineața $participantName! Ai avut o noapte odihnitoare?
r_MorningGreetingsAndInquiryLastNightSleep,r_MorningGreetingsAndInquiryLastNightSleep @ Morning greetings + inquire about sleep,35,1,35,Morning greetings + inquire about sleep,Attic,34,md-067#034,message,Contingent on sleep monitoring data,$sleepQualityLastNight,likert slider,👤 App/partner message to participant,0,no,,Morning! How’s your energy after your sleep?,Neața! Cum este nivelul tău de energie după ce ai dormit?
r_MorningGreetingsAndInquiryLastNightSleep,r_MorningGreetingsAndInquiryLastNightSleep @ Morning greetings + inquire about sleep,35,1,35,Morning greetings + inquire about sleep,Attic,35,md-067#035,message,Contingent on sleep monitoring data,$sleepQualityLastNight,likert slider,👤 App/partner message to participant,0,no,,Morning $participantName! How’s your energy after your sleep?,Neața $participantName! Cum este nivelul tău de energie după ce ai dormit?
r_InquireAboutChangeOfSchedule_Stage1,r_InquireAboutChangeOfSchedule_Stage1 @ Spirometry,2,2,1,Spirometry,Modification of reminder preferences,0,md-074#000,message,"Ask patient whether they would like to change the schedule of reminders for spirometry. To be triggered after asking the user, or if there is a large discrepancy between the currently scheduled reminders and the actual times at which spirometry was conducted.",$needToChangeRemindersScheduleForSpirometry,select one,👤 App/partner message to participant,0,no,,Would you like to adjust the schedule of reminders for your spirometry measurements?,Vrei să modifici programul de reamintire pentru măsurătorile spirometrice?
r_InquireAboutChangeOfSchedule_Stage1,r_InquireAboutChangeOfSchedule_Stage1 @ Medication,2,2,1,Medication,Modification of reminder preferences,0,md-075#000,message,"Ask patient whether they would like to change the schedule of reminders for medication. To be triggered after asking the user, or if there is a large discrepancy between the currently scheduled reminders and the actual times at which medication was inhaled.",$needToChangeRemindersScheduleForMedication,select one,👤 App/partner message to participant,0,no,,Would you like to adjust the schedule of reminders for your controller medication puffs?,Vrei să schimbi programul de reamintire pentru dozele tale obișnuite de medicamente?
r_TransitionFromOldDialogIntoInterruptingDialog,r_TransitionFromOldDialogIntoInterruptingDialog @ Transition message when interrupting dialog kicks in,2,1,2,Transition message when interrupting dialog kicks in,,0,md-077#000,message,🗣️ Transition phrase interrupted dialogue,,expects NO answer,👤 App/partner message to participant,1,no,$participantDeactivatedOpenQuestions calculated value is bigger or equal than 1,Disregard the previous and let's start a new topic.,Să lăsăm aceste subiecte deoparte pentru moment și să începem ceva nou.
r_TransitionFromOldDialogIntoInterruptingDialog,r_TransitionFromOldDialogIntoInterruptingDialog @ Transition message when interrupting dialog kicks in,2,1,2,Transition message when interrupting dialog kicks in,,1,md-077#001,message,🗣️ Transition phrase interrupted dialogue,,expects NO answer,👤 App/partner message to participant,1,no,$participantDeactivatedOpenQuestions calculated value is bigger or equal than 1,"For now, please pay attention to the following questions/requests and we will come back to the previous topic later on","Pentru acum, concentrează-te pe următoarele întrebări/solicitări; vom reveni mai târziu la discuția anterioară."
r_TransitionFromInterruptingDialogIntoOldDialog,r_TransitionFromInterruptingDialogIntoOldDialog @ Transition message when interrupting dialog has finished,2,1,2,Transition message when interrupting dialog has finished,,0,md-078#000,message,🗣️ Transition phrase interrupted dialogue,,expects NO answer,👤 App/partner message to participant,1,no,$participantDeactivatedOpenQuestions calculated value is bigger or equal than 1,"However, we had previously stopped somewhere else...","Totuși, ne oprisem anterior în altă parte..."
r_TransitionFromInterruptingDialogIntoOldDialog,r_TransitionFromInterruptingDialogIntoOldDialog @ Transition message when interrupting dialog has finished,2,1,2,Transition message when interrupting dialog has finished,,1,md-078#001,message,🗣️ Transition phrase interrupted dialogue,,expects NO answer,👤 App/partner message to participant,1,no,$participantDeactivatedOpenQuestions calculated value is bigger or equal than 1,Now let us resume the previous conversation.,Hai să reluăm conversația de unde am rămas.
r_LastMinuteSpirometryOrGiveUpUntilNextDay,r_LastMinuteSpirometryOrGiveUpUntilNextDay @ Clearing microdialogs of the day related to spirometry,1,1,1,Clearing microdialogs of the day related to spirometry,,0,md-079#000,message,Message to communicate that a spirometry measurement is probably no longer a realistic goal of the day,$lastMinuteSpirometry,select one,👤 App/partner message to participant,1,no,$spiroMesDone calculated value equals 0,It seems like you had some difficulties today finding the time to carry out your spirometry measurement of the day.,Se pare că ți-a fost dificil să găsești timp să faci testul spirometric astăzi.
r_CarryOutLastMinuteSpirometry,r_CarryOutLastMinuteSpirometry @ Clearing microdialogs of the day related to spirometry,1,1,1,Clearing microdialogs of the day related to spirometry,,2,md-079#002,message,"Last minute spirometry, if requested by user. If left unresponded by the user, after a certain amount of time, say 10 minutes, the variable $spirometryStart should be set equal to 0 and the chatbot should move on to the next message in the dialogue.",$spirometryStart,select one,👤 App/partner message to participant,1,no,$lastMinuteSpirometry calculated value equals 1,Please tap when ready!,Apasă butonul când ești pregătit!
r_MotivationForNextDaySpirometry,r_MotivationForNextDaySpirometry @ Clearing microdialogs of the day related to spirometry,1,1,1,Clearing microdialogs of the day related to spirometry,,3,md-079#003,message,Motivate patient to do spirometry on the next day,,expects NO answer,👤 App/partner message to participant,2,no,$spiroMesDone calculated value equals 0 ; $spirometryStart calculated value equals 0,I am sure you will find time tomorrow to check how your lungs are doing!,Sunt convins că mâine vei găsi timp să verifici cum le merge plămânilor tăi!
r_PromptForSmartwatchBatteryLevelCheck,r_PromptForSmartwatchBatteryLevelCheck @ Prompt patient to check the smartwatch battery level and potentially recharge it,5,1,5,Prompt patient to check the smartwatch battery level and potentially recharge it,,0,md-100#000,message,Prompt user to check battery level their smartwatch and potentially recharge it,,expects NO answer,👤 App/partner message to participant,0,no,,"Hey! 👋 Take a quick look at your smartwatch ⌚ If the battery is below 50%, now would be a good time to charge it 🔋😊","Hei! 👋 Aruncă rapid o privire la smartwatch-ul tău ⌚ Dacă bateria este sub 50%, acum ar fi un moment bun să îl pui la încărcat 🔋😊"
r_PromptForSmartwatchBatteryLevelCheck,r_PromptForSmartwatchBatteryLevelCheck @ Prompt patient to check the smartwatch battery level and potentially recharge it,5,1,5,Prompt patient to check the smartwatch battery level and potentially recharge it,,1,md-100#001,message,Prompt user to check battery level their smartwatch and potentially recharge it,,expects NO answer,👤 App/partner message to participant,0,no,,"Your smartwatch might be hungry for some power 😄⚡ Check the battery level quickly! If it is below 50%, it is probably best to put it on the charger 🔌⌚","Poate smartwatch-ului tău îi este foame de energie 😄⚡ Verifică rapid nivelul bateriei! Dacă este sub 50%, cel mai bine ar fi să îl pui la încărcător 🔌⌚"
r_PromptForSmartwatchBatteryLevelCheck,r_PromptForSmartwatchBatteryLevelCheck @ Prompt patient to check the smartwatch battery level and potentially recharge it,5,1,5,Prompt patient to check the smartwatch battery level and potentially recharge it,,2,md-100#002,message,Prompt user to check battery level their smartwatch and potentially recharge it,,expects NO answer,👤 App/partner message to participant,0,no,,Time for a battery check! 🚀 Please take a look at how much battery your smartwatch has left. Below 50%? Then it is better to charge it now before it runs out completely 😅🔋,"Timp pentru verificarea bateriei! 🚀 Uită-te, te rog, câtă baterie mai are smartwatch-ul tău. Sub 50%? Atunci mai bine pune-l la încărcat înainte să se descarce complet 😅🔋"
r_PromptForSmartwatchBatteryLevelCheck,r_PromptForSmartwatchBatteryLevelCheck @ Prompt patient to check the smartwatch battery level and potentially recharge it,5,1,5,Prompt patient to check the smartwatch battery level and potentially recharge it,,3,md-100#003,message,Prompt user to check battery level their smartwatch and potentially recharge it,,expects NO answer,👤 App/partner message to participant,0,no,,"Quick reminder 💡: Please check the battery level of your smartwatch ⌚ If it has less than 50% left, it would be a good idea to charge it soon 🔋✨","Mic reminder 💡: Te rog să arunci o privire la nivelul bateriei smartwatch-ului tău ⌚ Dacă mai are mai puțin de 50%, ar fi bine să îl încarci curând 🔋✨"
r_PromptForSmartwatchBatteryLevelCheck,r_PromptForSmartwatchBatteryLevelCheck @ Prompt patient to check the smartwatch battery level and potentially recharge it,5,1,5,Prompt patient to check the smartwatch battery level and potentially recharge it,,4,md-100#004,message,Prompt user to check battery level their smartwatch and potentially recharge it,,expects NO answer,👤 App/partner message to participant,0,no,,Don’t forget 😎 Your smartwatch also needs a little break on the charger sometimes. Take a quick look at the battery level — below 50% means it is time to charge! 🔌⌚,Nu uita 😎 Și smartwatch-ul tău are nevoie din când în când de o pauză la încărcător. Verifică rapid nivelul bateriei – sub 50% înseamnă: e timpul pentru încărcare! 🔌⌚
r_StartInteractionWithEducationalMaterial,r_StartInteractionWithEducationalMaterial @ Sequence of educational materials for kids aged 10 to 14,3,3,1,Sequence of educational materials for kids aged 10 to 14,,20,md-101#020,message,Confirm interaction with educational material,$education_Completed,select one,👤 App/partner message to participant,1,no,$educationalContentCounter calculated value is smaller than 8,Please tap to confirm you interacted with this material,Vă rugăm să atingeți aici pentru a confirma că ați interacționat cu acest material
r_StartInteractionWithEducationalMaterial,r_StartInteractionWithEducationalMaterial @ Sequence of educational materials for kids aged 15 to 19,3,3,1,Sequence of educational materials for kids aged 15 to 19,,20,md-102#020,message,Confirm interaction with educational material,$education_Completed,select one,👤 App/partner message to participant,1,no,$educationalContentCounter calculated value is smaller than 8,Please tap to confirm you interacted with this material,Vă rugăm să atingeți aici pentru a confirma că ați interacționat cu acest material
